487,1798-03-07,Berlin
487,1798-03-07,Dresden
487,1798-03-07,Jena
487,1798-03-07,Weimar
494,no_date,Göttingen
494,no_date,Marburg
495,1791-06-11,Amsterdam
495,1791-06-11,Göttingen
495,1791-06-11,Hannover
495,1791-06-11,Surinam
496,1791-07-02,Amsterdam
497,1791-10-31,Amsterdam
497,1791-10-31,Erlangen
497,1791-10-31,Gotha
497,1791-10-31,Göttingen
497,1791-10-31,Hamburg
498,1791-11-19,Amsterdam
498,1791-11-19,Weimar
858,1790-01-15,Hannover
858,1790-01-15,Madras
859,1790-08-09,Aachen
859,1790-08-09,Andreasberg (Bestwig)
859,1790-08-09,Bonn
859,1790-08-09,Braunschweig
859,1790-08-09,Clausthal
859,1790-08-09,Elbingerode (Harz)
859,1790-08-09,Goslar
859,1790-08-09,Göttingen
859,1790-08-09,Ilsenburg (Harz)
859,1790-08-09,London
859,1790-08-09,Marburg
859,1790-08-09,München
859,1790-08-09,Wolfenbüttel
860,1791-04-06,Braunschweig
860,1791-04-06,Göttingen
860,1791-04-06,Hannover
860,1791-04-06,Leipzig
861,1791-05-21,Amsterdam
861,1791-05-21,Den Haag 
861,1791-05-21,Göttingen
861,1791-05-21,Hannover
861,1791-05-21,Leiden
862,1791-07-02,Amsterdam
862,1791-07-02,Göttingen
862,1791-07-02,Hannover
863,1791-09-04,Amsterdam
863,1791-09-04,Bad Pyrmont
863,1791-09-04,Berlin
863,1791-09-04,Göttingen
863,1791-09-04,Hamburg
863,1791-09-04,Hannover
863,1791-09-04,Leipzig
863,1791-09-04,Osnabrück
863,1791-09-04,Rom
864,1791-09-05,Amsterdam
864,1791-09-05,Hamstede/Haamstede
910,1797-12-25,Hannover
910,1797-12-25,Jena
911,1798-01-13,Berlin
911,1798-01-13,Göttingen
911,1798-01-13,Jena
912,no_date,Berlin
912,no_date,Oßmannstedt 
912,no_date,Weimar
913,1798-04-27,Berlin
913,1798-04-27,Dessau
913,1798-04-27,Jena
913,1798-04-27,Leipzig
913,1798-04-27,Weimar
914,1798-06-24,Göttingen
915,1798-07-01,Berlin
915,1798-07-01,Coburg
915,1798-07-01,Dresden
915,1798-07-01,Gotha
915,1798-07-01,Jena
915,1798-07-01,Leipzig
1280,no_date,Göttingen
1280,no_date,Hannover
1330,no_date,Berlin
1331,no_date,Jena
1332,no_date,Berlin
1333,no_date,Göttingen
1334,1798-01-09,Berlin
1334,1798-01-09,Göttingen
1334,1798-01-09,Hamburg
1334,1798-01-09,Jena
2096,no_date,Jena
2157,1791-05-18,Göttingen
2157,1791-05-18,Hannover
2157,1791-05-18,Leipzig
2158,1791-06-04,Göttingen
2158,1791-06-04,Hannover
2158,1791-06-04,Leipzig
2159,1791-07-21,Amsterdam
2159,1791-07-21,Göttingen
2159,1791-07-21,Hannover
2159,1791-07-21,Leipzig
2159,1791-07-21,Marburg
2159,1791-07-21,Rom
2160,1791-08-26,Amsterdam
2160,1791-08-26,Dresden
2160,1791-08-26,Göttingen
2160,1791-08-26,Hannover
2160,1791-08-26,Karlsbad
2160,1791-08-26,Leipzig
2160,1791-08-26,Rom
2160,1791-08-26,Uerdingen
2162,1791-10-04,Amsterdam
2162,1791-10-04,Göttingen
2162,1791-10-04,Leipzig
2163,no_date,Zerbst/Anhalt
2164,1791-11-08,Dresden
2164,1791-11-08,Göttingen
2164,1791-11-08,Weimar
2164,1791-11-08,Zerbst/Anhalt
2165,1791-12-05,Amsterdam
2165,1791-12-05,Mainz
2166,no_date,Hannover
2166,no_date,Jena
2167,1792-02-11,Amsterdam
2167,1792-02-11,Florenz
2167,1792-02-11,Göttingen
2167,1792-02-11,Leipzig
2167,1792-02-11,Weimar
2168,1792-04-13,Dresden
2168,1792-04-13,Leipzig
2168,1792-04-13,Pillnitz
2169,1792-05-17,Dresden
2169,1792-05-17,Hannover
2169,1792-05-17,Leipzig
2170,1792-07-04,Göttingen
2599,1800-06-01,Celle
2599,1800-06-01,Göttingen
2599,1800-06-01,"Langenhagen (Hannover, Region) "
2599,1800-06-01,Moringen
2687,1798-06-03,Berlin
2757,1797-12-18,Berlin
2757,1797-12-18,Braunschweig
2757,1797-12-18,Hamburg
2757,1797-12-18,Jena
2757,1797-12-18,Leipzig
2757,1797-12-18,Paris
2757,1797-12-18,Pillnitz
2758,no_date,Berlin
2758,no_date,Charlottenburg (Berlin)
2758,no_date,Dresden
2758,no_date,Frankfurt am Main
2758,no_date,Leipzig
2758,no_date,Potsdam
2758,no_date,Schloss Sanssouci (Potsdam) 
2759,1798-01-15,Berlin
2759,1798-01-15,Dresden
2759,1798-01-15,Jena
2761,no_date,Berlin
2762,1798-02-27,Berlin
2762,1798-02-27,Göttingen
2765,1798-03-25,Halle (Saale)
2765,1798-03-25,Leipzig
2765,1798-03-25,Pillnitz
2767,1798-04-13,Dresden
2767,1798-04-13,Hamburg
2767,1798-04-13,Jena
2768,no_date,Weimar
2769,1798-04-28,Dresden
2769,1798-04-28,Leipzig
3265,1798-02-17,Berlin
3267,1798-03-06,Berlin
3269,1798-01-22,Berlin
3269,1798-01-22,Dresden
3269,1798-01-22,Jena
3278,1800-01-06,Jena
3366,1797-12-16,Frankfurt am Main
3366,1797-12-16,Jena
3366,1797-12-16,Weimar
3367,1798-02-24,Jena
3367,1798-02-24,Weimar
3369,1798-06-18,Berlin
3369,1798-06-18,Dresden
3369,1798-06-18,Jena
3369,1798-06-18,Weimar
3403,1798-02-19,Berlin
3403,1798-02-19,Dresden
3403,1798-02-19,Jena
3403,1798-02-19,Weimar
3404,1798-05-09,Dresden
3404,1798-05-09,Gotha
3404,1798-05-09,Jena
3404,1798-05-09,Weimar
3405,1798-06-10,Berlin
3405,1798-06-10,Dresden
3405,1798-06-10,Jena
3405,1798-06-10,Weimar
3406,no_date,Berlin
3406,no_date,Dresden
3406,no_date,Weimar
3549,1791-07-06,Amsterdam
3549,1791-07-06,Göttingen
3774,1798-06-15,Amsterdam
3774,1798-06-15,Berlin
3774,1798-06-15,Braunschweig
3774,1798-06-15,Groningen
3774,1798-06-15,Göttingen
3774,1798-06-15,Hamburg
3774,1798-06-15,Hannover
3774,1798-06-15,Jena
3774,1798-06-15,Leipzig
3774,1798-06-15,Utrecht
3825,1790-10-15,Göttingen
3825,1790-10-15,Kopenhagen
3826,1791-06-03,Dresden
3826,1791-06-03,Hannover
3826,1791-06-03,"Harburg, Elbe"
3826,1791-06-03,Karlsbad
3826,1791-06-03,Leipzig
3826,1791-06-03,Zerbst/Anhalt
3827,1791-06-13,Amsterdam
3827,1791-06-13,Berlin
3827,1791-06-13,Dresden
3827,1791-06-13,Göttingen
3827,1791-06-13,Hannover
3827,1791-06-13,"Harburg, Elbe"
3827,1791-06-13,Karlsbad
3827,1791-06-13,Seeland (Niederlande)
3827,1791-06-13,Zerbst/Anhalt
3828,1791-06-22,Altona
3828,1791-06-22,Bologna
3828,1791-06-22,"Harburg, Elbe"
3828,1791-06-22,Leipzig
3829,1791-07-08,Amsterdam
3829,1791-07-08,Braunschweig
3829,1791-07-08,Celle
3829,1791-07-08,Dresden
3829,1791-07-08,Hamburg
3829,1791-07-08,Hannover
3829,1791-07-08,"Harburg, Elbe"
3829,1791-07-08,Hildesheim
3829,1791-07-08,Karlsbad
3829,1791-07-08,Leipzig
3829,1791-07-08,Paris
3829,1791-07-08,Zerbst/Anhalt
3830,1791-07-15,Göttingen
3830,1791-07-15,Hannover
3830,1791-07-15,"Harburg, Elbe"
3830,1791-07-15,Leipzig
3830,1791-07-15,London
3831,1791-07-20,Braunschweig
3831,1791-07-20,Hamburg
3831,1791-07-20,Hannover
3831,1791-07-20,"Harburg, Elbe"
3831,1791-07-20,Vierlande
3832,1791-08-16,Braunschweig
3832,1791-08-16,Hamburg
3832,1791-08-16,Hamstede/Haamstede
3832,1791-08-16,Hannover
3832,1791-08-16,"Harburg, Elbe"
3832,1791-08-16,Lüneburg
3832,1791-08-16,Vierlande
3832,1791-08-16,"Wilhelmsburg, Elbe"
3834,1791-12-07,Braunschweig
3834,1791-12-07,Dresden
3834,1791-12-07,Hannover
3834,1791-12-07,"Harburg, Elbe"
3834,1791-12-07,London
3834,1791-12-07,Nürnberg
3834,1791-12-07,Zerbst/Anhalt
3834,1791-12-07,Zweibrücken
3963,1798-04-07,Braunschweig
4043,1791-02-21,Göttingen
4043,1791-02-21,Hannover
4159,1790-08-22,Göttingen
4159,1790-08-22,Hamburg
4159,1790-08-22,Hannover
4159,1790-08-22,Kiel
4159,1790-08-22,Leipzig
4159,1790-08-22,Lincolnʼs Inn Fields (London)
4159,1790-08-22,London
4159,1790-08-22,Oxford
4160,1791-06-30,Lincolnʼs Inn Fields (London)
4160,1791-06-30,London
4160,1791-06-30,Reading
4233,1791-09-06,Braunschweig
4233,1791-09-06,Dresden
4233,1791-09-06,Hannover
4233,1791-09-06,"Harburg, Elbe"
4233,1791-09-06,Karlsbad
4233,1791-09-06,Leipzig
4233,1791-09-06,Zerbst/Anhalt
4234,1791-09-22,Braunschweig
4234,1791-09-22,Dresden
4234,1791-09-22,Hannover
4234,1791-09-22,Karlsbad
4234,1791-09-22,Zerbst/Anhalt
4235,1791-10-12,Braunschweig
4235,1791-10-12,Dresden
4235,1791-10-12,Göttingen
4235,1791-10-12,Hamburg
4235,1791-10-12,Hannover
4235,1791-10-12,Hannover-Bothfeld
4235,1791-10-12,"Harburg, Elbe"
4235,1791-10-12,Zerbst/Anhalt
4236,1791-11-13,Dessau
4236,1791-11-13,Göttingen
4236,1791-11-13,Hannover
4236,1791-11-13,Hannover-Bothfeld
4236,1791-11-13,"Harburg, Elbe"
4236,1791-11-13,Helmstedt 
4236,1791-11-13,Leipzig
4236,1791-11-13,Magdeburg
4236,1791-11-13,Zerbst/Anhalt
4237,1791-11-25,Göttingen
4237,1791-11-25,Hannover
4237,1791-11-25,Kloster Loccum
4238,1792-01-27,Amsterdam
4238,1792-01-27,Hamburg
4238,1792-01-27,"Harburg, Elbe"
4238,1792-01-27,Kopenhagen
4239,1792-02-16,Amsterdam
4239,1792-02-16,Berlin
4239,1792-02-16,Braunschweig
4239,1792-02-16,Den Haag 
4239,1792-02-16,Dresden
4239,1792-02-16,Göttingen
4239,1792-02-16,"Harburg, Elbe"
4239,1792-02-16,Leipzig
4239,1792-02-16,Osnabrück
4239,1792-02-16,Peine
4239,1792-02-16,Zerbst/Anhalt
4240,1792-03-13,Celle
4240,1792-03-13,Den Haag 
4240,1792-03-13,Dresden
4240,1792-03-13,Göttingen
4240,1792-03-13,"Harburg, Elbe"
4240,1792-03-13,Mainz
4240,1792-03-13,Paris
4240,1792-03-13,Stade
4241,1792-04-05,Celle
4241,1792-04-05,Clausthal
4241,1792-04-05,Dresden
4242,1792-05-14,Brunstein/Brunnstein (?)
4242,1792-05-14,Dresden
4242,1792-05-14,Hannover
4242,1792-05-14,Pillnitz
4243,1792-06-01,Amsterdam
4243,1792-06-01,Brunstein/Brunnstein (?)
4243,1792-06-01,Göttingen
4243,1792-06-01,Hamburg
4243,1792-06-01,"Harburg, Elbe"
4243,1792-06-01,List (Landkreis Hannover)
4243,1792-06-01,Lübeck
4243,1792-06-01,Osnabrück
4244,1792-06-14,Berlin
4244,1792-06-14,Dresden
4244,1792-06-14,Düsseldorf
4244,1792-06-14,Göttingen
4267,1798-06-08,Bern
4267,1798-06-08,Dresden
4267,1798-06-08,Jena
4267,1798-06-08,Muntelier
4267,1798-06-08,Murten
4267,1798-06-08,Schaffhausen
4268,1791-04-30,Amsterdam
4268,1791-04-30,Braunschweig
4268,1791-04-30,Den Haag 
4268,1791-04-30,Hannover
4268,1791-04-30,Leiden
4277,no_date,Danzig
4277,no_date,Halle (Saale)
4277,no_date,Weimar
4400,1791-08-01,Göttingen
4401,1791-09-22,Göttingen
4401,1791-09-22,Hannover
4774,1797-12-25,Freiberg
4774,1797-12-25,Meißen
4774,1797-12-25,Paris
4774,1797-12-25,Schloss Siebeneichen (Meißen)
4775,1798-01-12,Dresden
4775,1798-01-12,Freiberg
4776,1798-02-24,Berlin
4776,1798-02-24,Dresden
4776,1798-02-24,Freiberg
4866,1791-10-13,Hannover
4866,1791-10-13,Karlsbad
5374,1798-01-16,Bílina (Bilin)
5374,1798-01-16,Dresden
5374,1798-01-16,"Steinau, Oder"
5395,1792-03-20,Amsterdam
5395,1792-03-20,Den Haag 
5395,1792-03-20,Groningen
5395,1792-03-20,Hannover
5395,1792-03-20,Leiden
5634,1791-05-20,Amsterdam
5634,1791-05-20,Hannover
5634,1791-05-20,Leipzig
5634,1791-05-20,List (Landkreis Hannover)
5635,no_date,Braunschweig
5635,no_date,"Harburg, Elbe"
5635,no_date,Leipzig
5636,no_date,Bad Pyrmont
5636,no_date,Braunschweig
5636,no_date,Dresden
5636,no_date,Hannover-Marienwerder
5636,no_date,"Harburg, Elbe"
5636,no_date,Osnabrück
5636,no_date,Pillnitz
5636,no_date,Rom
5637,no_date,Berlin
5637,no_date,Göttingen
5637,no_date,Hannover
5637,no_date,Wien
5638,no_date,Amsterdam
5638,no_date,Bad Pyrmont
5638,no_date,Braunschweig
5638,no_date,Celle
5638,no_date,Göttingen
5638,no_date,Hannover
5638,no_date,"Harburg, Elbe"
5638,no_date,Leipzig
5638,no_date,Rom
5639,no_date,Dresden
5640,1791-10-18,Dresden
5640,1791-10-18,Göttingen
5641,no_date,Braunschweig
5641,no_date,Dresden
5641,no_date,Göttingen
5641,no_date,Nordhausen 
5643,no_date,Amsterdam
5643,no_date,Celle
5643,no_date,Dresden
5643,no_date,Göttingen
5643,no_date,"Harburg, Elbe"
5785,1790-07-29,Piercefield House (Chepstow)
5786,1790-10-11,Piercefield House (Chepstow)
7165,1791-07-29,Altona
7165,1791-07-29,Amsterdam
7165,1791-07-29,Göttingen
7165,1791-07-29,Halle (Saale)
7165,1791-07-29,Hannover
7165,1791-07-29,"Harburg, Elbe"
7165,1791-07-29,Hildesheim
7165,1791-07-29,Leipzig
7165,1791-07-29,Stralsund
7432,1798-06-16,Bad Pyrmont
7432,1798-06-16,Berlin
7432,1798-06-16,Dresden
7432,1798-06-16,Jena
7432,1798-06-16,Leipzig
7432,1798-06-16,Weimar
7433,no_date,Berlin
7433,no_date,Dresden
7433,no_date,Jena
7433,no_date,Leipzig
7531,1790-05-21,Hannover
7531,1790-05-21,London
7831,no_date,Göttingen
7831,no_date,Jena
7831,no_date,Weimar
7866,1790-04-22,Den Haag 
7866,1790-04-22,Mainz
12020,1798-01-18,Jena
1,1791-01-06,Göttingen
3,1798-05-26,Berlin
3,1798-05-26,Dresden
3,1798-05-26,Leipzig
4245,1792-07-13,Bad Pyrmont
4245,1792-07-13,Dresden
4245,1792-07-13,Georgenthal/Thür. Wald
4245,1792-07-13,Gotha
4245,1792-07-13,Hannover
4245,1792-07-13,Pillnitz
4246,1792-07-21,Bad Nenndorf
4246,1792-07-21,Bad Pyrmont
4246,1792-07-21,Berlin
4246,1792-07-21,Emmerthal (Ohsen)
4246,1792-07-21,Hannover
4269,1792-07-14,Amsterdam
4269,1792-07-14,Braunschweig
4269,1792-07-14,Breda
4269,1792-07-14,Hamstede/Haamstede
3835,1792-09-09,Braunschweig
3835,1792-09-09,Hannover
3835,1792-09-09,Sankt Petersburg
500,1792-09-28,Göttingen
500,1792-09-28,Hannover
500,1792-09-28,Mainz
500,1792-09-28,Weißenfels
4247,1792-09-11,Dresden
4247,1792-09-11,Göttingen
4247,1792-09-11,Hannover
4247,1792-09-11,"Harburg, Elbe"
4247,1792-09-11,Pillnitz
4247,1792-09-11,Wien
4057,no_date,Amsterdam
4057,no_date,Haarlem
4057,no_date,Seeland (Niederlande)
499,1792-07-30,Göttingen
