487,1798-03-07,"Eschenburg, Marie Dorothea"
487,1798-03-07,"Horn, Herr"
487,1798-03-07,"Melish, Herr"
487,1798-03-07,"Shakespeare, William"
487,1798-03-07,"Tieck, Ludwig"
494,no_date,"Bunsen, Philipp Ludwig"
494,no_date,"Dante, Alighieri"
494,no_date,"Schelling, Caroline von"
494,no_date,"Wildungen, Ludwig Karl Eberhard Heinrich Friedrich von"
495,1791-06-11,"Bouterwek, Friedrich"
495,1791-06-11,"Bürger, Elise "
495,1791-06-11,"Dante, Alighieri"
495,1791-06-11,"Denis, Michael "
495,1791-06-11,"Fiorillo, Johann Dominik"
495,1791-06-11,"Gottsched, Johann Christoph "
495,1791-06-11,"Heshusius, Johannes"
495,1791-06-11,"Heyne, Christian Gottlob"
495,1791-06-11,"Luther, Martin"
495,1791-06-11,"Melanchthon, Philipp"
495,1791-06-11,"Michaelis, Johann David "
495,1791-06-11,"Muilman, Hendrik"
495,1791-06-11,"Petrarca, Francesco"
495,1791-06-11,"Riem, Andreas"
495,1791-06-11,"Schelling, Caroline von"
495,1791-06-11,"Schiller, Friedrich"
495,1791-06-11,"Schlegel, Johann Carl Fürchtegott"
496,1791-07-02,"Berlepsch, Emilie von"
496,1791-07-02,"Goethe, Johann Wolfgang von"
496,1791-07-02,"Meyer, Friedrich Ludwig Wilhelm "
496,1791-07-02,"Petrarca, Francesco"
496,1791-07-02,"Schiller, Friedrich"
497,1791-10-31,"Althof, Ludwig Christoph"
497,1791-10-31,"Blumenbach, Johann Friedrich"
497,1791-10-31,"Bouterwek, Friedrich"
497,1791-10-31,"Bürger, Agathon"
497,1791-10-31,"Bürger, Elise "
497,1791-10-31,"Fiorillo, Johann Dominik"
497,1791-10-31,"Gotter, Friedrich Wilhelm "
497,1791-10-31,"Hoffmann, Georg Franz"
497,1791-10-31,"Kirchner, Heinrich Julius"
497,1791-10-31,"Meyer, Friedrich Ludwig Wilhelm "
497,1791-10-31,"Michaelis, Johann David "
497,1791-10-31,"Mozart, Wolfgang Amadeus "
497,1791-10-31,"Murray, Johann Andreas"
497,1791-10-31,"Pope, Alexander"
497,1791-10-31,"Riem, Andreas"
497,1791-10-31,"Schelling, Caroline von"
497,1791-10-31,"Schiller, Friedrich"
497,1791-10-31,"Seyffer, Karl Felix"
497,1791-10-31,"Shakespeare, William"
497,1791-10-31,"Wiedemann, Luise"
497,1791-10-31,"Ziegler, Werner Carl Ludwig "
498,1791-11-19,"Berlepsch, Emilie von"
498,1791-11-19,"Blumenbach, Johann Friedrich"
498,1791-11-19,"Bouterwek, Friedrich"
498,1791-11-19,"Bürger, Elise "
498,1791-11-19,"Eschenburg, Johann Joachim"
498,1791-11-19,"Fiorillo, Johann Dominik"
498,1791-11-19,"Gerstenberg, Heinrich Wilhelm von"
498,1791-11-19,"Heeren, Arnold Hermann Ludwig"
498,1791-11-19,"Liebeskind, Dorothea Margaretha "
498,1791-11-19,"Meyer, Friedrich Ludwig Wilhelm "
498,1791-11-19,"Redlich, Georg"
498,1791-11-19,"Schelling, Caroline von"
498,1791-11-19,"Schiller, Friedrich"
498,1791-11-19,"Woltmann, Karl Ludwig von"
858,1790-01-15,"Holscher, Pastor"
858,1790-01-15,"Schlegel, August Wilhelm von"
858,1790-01-15,"Schlegel, Friedrich von"
858,1790-01-15,"Schlegel, Johann Adolf"
858,1790-01-15,"Schlegel, Johann Carl Fürchtegott"
858,1790-01-15,"Schlegel, Johanna Christiane Erdmuthe"
858,1790-01-15,"Schlegel, Karl August"
858,1790-01-15,"Schlegel, Karl August Moritz"
859,1790-08-09,"Ernst, Henriette"
859,1790-08-09,"Mastiaux, Kaspar Anton von "
859,1790-08-09,"Pape, Georg Wilhelm August von"
859,1790-08-09,"Schlegel, Friedrich von"
860,1791-04-06,"Ebert, Johann Arnold"
860,1791-04-06,"Feder, Philipp"
860,1791-04-06,"Feronce von Rotenkreutz, Jean Baptiste"
860,1791-04-06,"Karl Wilhelm Ferdinand, Braunschweig-Wolfenbüttel, Herzog"
860,1791-04-06,"Möller, Johann Georg Ludwig"
860,1791-04-06,"Oelrichs, Johann Georg Arnold "
860,1791-04-06,"Schlegel, Friedrich von"
860,1791-04-06,"Schlegel, Johanna Christiane Erdmuthe"
860,1791-04-06,"Stuve, Johann"
861,1791-05-21,"Heyne, Georgine (geb. Brandes)"
861,1791-05-21,"Reuss, Marianne"
861,1791-05-21,"Smith, George Thomas"
862,1791-07-02,"Hooft, Hendrik Danielszoon "
862,1791-07-02,"Ludwig XVI., Frankreich, König "
862,1791-07-02,"Luther, Martin"
862,1791-07-02,"Matthiae, August"
862,1791-07-02,"Muilman, Hendrik"
862,1791-07-02,"Smith, George Thomas"
863,1791-09-04,"Berlepsch, Emilie von"
863,1791-09-04,"Blumenbach, Johann Friedrich"
863,1791-09-04,"Bouterwek, Friedrich"
863,1791-09-04,"Ernst, Charlotte"
863,1791-09-04,"Ernst, Henriette"
863,1791-09-04,"Moritz, Karl Philipp"
863,1791-09-04,"Möser, Justus"
863,1791-09-04,"Rehberg, August Wilhelm"
863,1791-09-04,"Rehberg, Frau (Mutter von August Wilhelm und Caroline Rehberg)"
863,1791-09-04,"Rehberg, Friedrich"
863,1791-09-04,"Rehberg, Johann Friedrich"
863,1791-09-04,"Schlegel, Friedrich von"
863,1791-09-04,"Schlegel, Johann Adolf"
863,1791-09-04,"Schlegel, Johanna Christiane Erdmuthe"
863,1791-09-04,"Voigts, Jenny von"
864,1791-09-05,"Bürger, Gottfried August"
864,1791-09-05,"Dante, Alighieri"
864,1791-09-05,"Matthiae, August"
864,1791-09-05,"Schlegel, Johann Adolf"
864,1791-09-05,"Wyttenbach, Daniel Albert "
910,1797-12-25,"Herder, Johann Gottfried von"
910,1797-12-25,Homerus
910,1797-12-25,"Hufeland, Gottlieb"
910,1797-12-25,"Körner, Christian Gottfried "
910,1797-12-25,"Rehberg, August Wilhelm"
910,1797-12-25,"Schelling, Caroline von"
910,1797-12-25,"Schlegel, Friedrich von"
911,1798-01-13,Aeschylus
911,1798-01-13,Aristophanes
911,1798-01-13,"Bodoni, Giambattista"
911,1798-01-13,"Böttiger, Carl August"
911,1798-01-13,"Didot, François-Ambroise"
911,1798-01-13,"Fiorillo, Johann Dominik"
911,1798-01-13,"Griesbach, Johann Jacob"
911,1798-01-13,"Göschen, Georg Joachim, der Ältere"
911,1798-01-13,"Herder, Johann Gottfried von"
911,1798-01-13,"Klopstock, Friedrich Gottlieb"
911,1798-01-13,"Prillwitz, Johann Carl Ludwig "
911,1798-01-13,"Schlegel, Friedrich von"
911,1798-01-13,"Schütz, Christian Gottfried"
911,1798-01-13,"Shakespeare, William"
911,1798-01-13,"Wieland, Christoph Martin"
912,no_date,"Falk, Caroline"
912,no_date,"Hufeland, Gottlieb"
912,no_date,"Iffland, August Wilhelm"
912,no_date,"Schelling, Caroline von"
912,no_date,"Schiller, Friedrich"
912,no_date,"Schütz, Christian Gottfried"
912,no_date,"Tischbein, Johann Friedrich August "
912,no_date,"Wieland, Christoph Martin"
913,1798-04-27,"Cotta, Johann Friedrich von"
913,1798-04-27,"Göschen, Carl Friedrich"
913,1798-04-27,"Göschen, Charlotte"
913,1798-04-27,"Göschen, Georg Joachim, der Jüngere"
913,1798-04-27,"Göschen, Johanna Henriette"
913,1798-04-27,"Göschen, Wilhelm Heinrich"
913,1798-04-27,"Hufeland, Gottlieb"
913,1798-04-27,"Iffland, August Wilhelm"
913,1798-04-27,"Iffland, Luise"
913,1798-04-27,"Schelling, Caroline von"
913,1798-04-27,"Schütz, Christian Gottfried"
913,1798-04-27,"Shakespeare, William"
913,1798-04-27,"Tischbein, Johann Friedrich August "
914,1798-06-24,"Fiorillo, Johann Dominik"
914,1798-06-24,"Goethe, Johann Wolfgang von"
914,1798-06-24,"Göschen, Georg Joachim, der Ältere"
914,1798-06-24,"Klopstock, Friedrich Gottlieb"
914,1798-06-24,"Percy, Thomas "
914,1798-06-24,"Schlegel, Friedrich von"
914,1798-06-24,"Warton, Thomas "
915,1798-07-01,"Eschen, Friedrich August"
915,1798-07-01,"Friedrich Wilhelm III., Preußen, König"
915,1798-07-01,"Gotter, Friedrich Wilhelm "
915,1798-07-01,"Gries, Johann Diederich"
915,1798-07-01,"Hufeland, Konradine Luise Wilhelmine"
915,1798-07-01,"Lange, Johann Georg"
915,1798-07-01,"Reichardt, Johann Friedrich"
915,1798-07-01,"Schelling, Caroline von"
915,1798-07-01,"Schlegel, Friedrich von"
1280,no_date,"Gatterer, Johann Christoph "
1280,no_date,"Heyne, Christian Gottlob"
1280,no_date,"Smith, George"
1280,no_date,"Smith, George Thomas"
1330,no_date,"Eschenburg, Johann Joachim"
1330,no_date,"Göschen, Georg Joachim, der Ältere"
1330,no_date,"Nicolai, Carl August"
1330,no_date,"Schlegel, Friedrich von"
1330,no_date,"Shakespeare, William"
1331,no_date,"Goethe, Johann Wolfgang von"
1331,no_date,"Johnson, Samuel "
1331,no_date,"Malone, Edmond"
1331,no_date,"Shakespeare, William"
1332,no_date,"Bertuch, Friedrich Justin "
1332,no_date,"Cervantes Saavedra, Miguel de"
1332,no_date,"Goethe, Johann Wolfgang von"
1332,no_date,"Lafontaine, August Heinrich Julius "
1332,no_date,"Matthisson, Friedrich von"
1332,no_date,"Schelling, Caroline von"
1332,no_date,"Schlegel, Friedrich von"
1332,no_date,"Shakespeare, William"
1332,no_date,"Unger, Johann Friedrich Gottlieb"
1332,no_date,"Wieland, Christoph Martin"
1333,no_date,"Goethe, Johann Wolfgang von"
1333,no_date,"Hufeland, Gottlieb"
1333,no_date,"Schlegel, Friedrich von"
1333,no_date,"Shakespeare, William"
1333,no_date,"Vega Carpio, Lope Félix de "
1334,1798-01-09,"Becker, Wilhelm Gottlieb"
1334,1798-01-09,"Dekker, Thomas "
1334,1798-01-09,"Dodsley, Robert "
1334,1798-01-09,"Dryden, John "
1334,1798-01-09,"Eschenburg, Johann Joachim"
1334,1798-01-09,"Fletcher, John "
1334,1798-01-09,"Goethe, Johann Wolfgang von"
1334,1798-01-09,"Göschen, Georg Joachim, der Ältere"
1334,1798-01-09,"Herder, Johann Gottfried von"
1334,1798-01-09,"Jonson, Ben "
1334,1798-01-09,"Klopstock, Friedrich Gottlieb"
1334,1798-01-09,"Sachs, Hans"
1334,1798-01-09,"Schlegel, Friedrich von"
1334,1798-01-09,"Shakespeare, William"
1334,1798-01-09,"Vega Carpio, Lope Félix de "
2096,no_date,"Cotta, Johann Friedrich von"
2096,no_date,"Gries, Johann Diederich"
2157,1791-05-18,"Rehberg, August Wilhelm"
2157,1791-05-18,"Rehberg, Caroline"
2157,1791-05-18,"Schelling, Caroline von"
2157,1791-05-18,"Voigts, Jenny von"
2158,1791-06-04,"Goethe, Johann Wolfgang von"
2158,1791-06-04,"Herder, Johann Gottfried von"
2158,1791-06-04,"Oeser, Adam Friedrich "
2158,1791-06-04,"Rousseau, Jean-Jacques "
2158,1791-06-04,"Winckelmann, Johann Joachim"
2159,1791-07-21,"Bouterwek, Friedrich"
2159,1791-07-21,"Caesar, Gaius Iulius "
2159,1791-07-21,"Catilina, Lucius Sergius "
2159,1791-07-21,"Cato, Marcus Porcius, Uticensis"
2159,1791-07-21,"Cicero, Marcus Tullius "
2159,1791-07-21,"Fleming, Paul"
2159,1791-07-21,"Heydenreich, Karl Heinrich "
2159,1791-07-21,"Klinger, Friedrich Maximilian von "
2159,1791-07-21,"Mastiaux, Kaspar Anton von "
2159,1791-07-21,"Pape, Georg Wilhelm August von"
2159,1791-07-21,"Rehberg, August Wilhelm"
2159,1791-07-21,"Rehberg, Caroline"
2159,1791-07-21,"Schelling, Caroline von"
2159,1791-07-21,"Schiller, Friedrich"
2159,1791-07-21,"Sulla, Lucius Cornelius "
2159,1791-07-21,"Thümmel, Moritz August von "
2159,1791-07-21,Voltaire
2160,1791-08-26,"Bach, Johann August"
2160,1791-08-26,"Berger, Herr von"
2160,1791-08-26,"Bouterwek, Friedrich"
2160,1791-08-26,"Burke, Edmund "
2160,1791-08-26,"Bürger, Gottfried August"
2160,1791-08-26,"Cicero, Marcus Tullius "
2160,1791-08-26,"Dante, Alighieri"
2160,1791-08-26,"Ernst, Charlotte"
2160,1791-08-26,"Fergusson, Robert "
2160,1791-08-26,"Forster, Georg"
2160,1791-08-26,"Girtanner, Christoph "
2160,1791-08-26,"Goethe, Johann Wolfgang von"
2160,1791-08-26,"Göschen, Georg Joachim, der Ältere"
2160,1791-08-26,"Heinecke, Johann Gottlieb"
2160,1791-08-26,"Herder, Johann Gottfried von"
2160,1791-08-26,"Heydenreich, Karl Heinrich "
2160,1791-08-26,"Heyne, Christian Gottlob"
2160,1791-08-26,"Höpfner, Ludwig Julius Friedrich"
2160,1791-08-26,"Kind, Johann Adam Gottlieb "
2160,1791-08-26,"Linné, Carl von "
2160,1791-08-26,"Locke, John "
2160,1791-08-26,"Lucanus, Marcus Annaeus "
2160,1791-08-26,"Mastiaux, Kaspar Anton von "
2160,1791-08-26,"Middleton, Conyers "
2160,1791-08-26,"Montesquieu, Charles Louis de Secondat de "
2160,1791-08-26,"Moritz, Karl Philipp"
2160,1791-08-26,"Pape, Georg Wilhelm August von"
2160,1791-08-26,Plutarchus 
2160,1791-08-26,"Rehberg, Caroline"
2160,1791-08-26,"Schelling, Caroline von"
2160,1791-08-26,"Schiller, Friedrich"
2160,1791-08-26,"Schlegel, August Wilhelm von"
2160,1791-08-26,"Schlegel, Johann Adolf"
2160,1791-08-26,"Schlegel, Johanna Christiane Erdmuthe"
2160,1791-08-26,"Schultingh, Antonius"
2160,1791-08-26,"Suetonius Tranquillus, Gaius "
2160,1791-08-26,"Tatter, Georg Ernst"
2160,1791-08-26,Voltaire
2160,1791-08-26,"Weiße, Christian Felix"
2162,1791-10-04,"Alxinger, Johann Baptist von "
2162,1791-10-04,"Dante, Alighieri"
2162,1791-10-04,"Friedrich Wilhelm III., Preußen, König"
2162,1791-10-04,"Gotter, Friedrich Wilhelm "
2162,1791-10-04,"Lavater, Johann Caspar "
2162,1791-10-04,"Mastiaux, Kaspar Anton von "
2162,1791-10-04,"Matthisson, Friedrich von"
2162,1791-10-04,"Schelling, Caroline von"
2162,1791-10-04,"Shakespeare, William"
2162,1791-10-04,"Tasso, Torquato"
2162,1791-10-04,"Wieland, Christoph Martin"
2162,1791-10-04,"Winckelmann, Johann Joachim"
2163,no_date,"Schiller, Friedrich"
2163,no_date,"Schlegel, Johann Carl Fürchtegott"
2163,no_date,"Spittler, Ludwig Timotheus von "
2164,1791-11-08,"Albrecht, Sophie "
2164,1791-11-08,"Berlepsch, Emilie von"
2164,1791-11-08,"Bouterwek, Friedrich"
2164,1791-11-08,"Bürger, Elise "
2164,1791-11-08,"Casanova, Giovanni Battista"
2164,1791-11-08,"Dieterich, Charlotte (geb. Michaelis)"
2164,1791-11-08,"Fiorillo, Johann Dominik"
2164,1791-11-08,"Friedrich II., Preußen, König"
2164,1791-11-08,"Goethe, Johann Wolfgang von"
2164,1791-11-08,"Kant, Immanuel"
2164,1791-11-08,"Karl August, Sachsen-Weimar-Eisenach, Großherzog"
2164,1791-11-08,"Klopstock, Friedrich Gottlieb"
2164,1791-11-08,"Kneisel, Frau"
2164,1791-11-08,"Launay de Tillières, Augustus von"
2164,1791-11-08,"L’Archeveque, Herr"
2164,1791-11-08,"Melkeburg, Herr von"
2164,1791-11-08,"Michaelis, Johann David "
2164,1791-11-08,"Oeser, Adam Friedrich "
2164,1791-11-08,"Opitz, Christian Wilhelm "
2164,1791-11-08,"Pape, Georg Wilhelm August von"
2164,1791-11-08,"Salis, Herr von"
2164,1791-11-08,"Schelling, Caroline von"
2164,1791-11-08,"Spittler, Ludwig Timotheus von "
2164,1791-11-08,"Wiedemann, Luise"
2164,1791-11-08,"Winckelmann, Johann Joachim"
2164,1791-11-08,"Woltmann, Karl Ludwig von"
2165,1791-12-05,"Schelling, Caroline von"
2165,1791-12-05,"Schlegel, Johann Adolf"
2165,1791-12-05,"Schlegel, Johanna Christiane Erdmuthe"
2166,no_date,"Hemsterhuis, François "
2166,no_date,Novalis
2166,no_date,"Ovidius Naso, Publius "
2166,no_date,Plato
2166,no_date,"Schelling, Caroline von"
2166,no_date,"Schiller, Friedrich"
2166,no_date,"Tatter, Georg Ernst"
2167,1792-02-11,"Albrecht, Friedland, Herzog (Wallenstein)"
2167,1792-02-11,"Bernhard, Sachsen-Weimar, Herzog"
2167,1792-02-11,"Dante, Alighieri"
2167,1792-02-11,"Friedrich II., Preußen, König"
2167,1792-02-11,"Goethe, Johann Wolfgang von"
2167,1792-02-11,"Kant, Immanuel"
2167,1792-02-11,"Klinger, Friedrich Maximilian von "
2167,1792-02-11,"Lessing, Gotthold Ephraim"
2167,1792-02-11,"Lips, Johann Heinrich "
2167,1792-02-11,"Luther, Martin"
2167,1792-02-11,"Mansfeld, Albrecht von "
2167,1792-02-11,Novalis
2167,1792-02-11,"Savoyen-Carignan, Eugen von "
2167,1792-02-11,"Schelling, Caroline von"
2167,1792-02-11,"Schiller, Friedrich"
2167,1792-02-11,"Vergilius Maro, Publius "
2167,1792-02-11,"Wezel, Johann Carl"
2168,1792-04-13,"Bouterwek, Friedrich"
2168,1792-04-13,"Dante, Alighieri"
2168,1792-04-13,"Ernst, Charlotte"
2168,1792-04-13,"Ernst, Ludwig Emanuel"
2168,1792-04-13,"Goethe, Johann Wolfgang von"
2168,1792-04-13,"Huber, Ludwig Ferdinand"
2168,1792-04-13,"Klinger, Friedrich Maximilian von "
2168,1792-04-13,"Körner, Anna Maria Jacobine "
2168,1792-04-13,"Körner, Christian Gottfried "
2168,1792-04-13,Novalis
2168,1792-04-13,"Schelling, Caroline von"
2168,1792-04-13,"Schiller, Friedrich"
2168,1792-04-13,"Stolberg-Stolberg, Christian zu "
2168,1792-04-13,"Woltmann, Karl Ludwig von"
2169,1792-05-17,"Dante, Alighieri"
2169,1792-05-17,"Körner, Anna Maria Jacobine "
2169,1792-05-17,"Körner, Christian Gottfried "
2169,1792-05-17,Novalis
2169,1792-05-17,"Schelling, Caroline von"
2169,1792-05-17,"Schiller, Charlotte von"
2169,1792-05-17,"Schiller, Friedrich"
2169,1792-05-17,"Stock, Dorothea "
2170,1792-07-04,(Sophie)
2170,1792-07-04,"Berlepsch, Emilie von"
2170,1792-07-04,"Bornemann, Herr"
2170,1792-07-04,"Bouterwek, Friedrich"
2170,1792-07-04,"Herder, Johann Gottfried von"
2170,1792-07-04,"Jacobi, Friedrich Heinrich"
2170,1792-07-04,"Kant, Immanuel"
2170,1792-07-04,"Schiller, Friedrich"
2170,1792-07-04,"Schlegel, Johann Adolf"
2170,1792-07-04,"Schlegel, Johann Carl Fürchtegott"
2170,1792-07-04,"Schlegel, Johanna Christiane Erdmuthe"
2599,1800-06-01,"Buff, Charlotte "
2599,1800-06-01,"Dieling, Herr"
2599,1800-06-01,"Ernst, Henriette"
2599,1800-06-01,"Ernst, Sigmund"
2599,1800-06-01,"Kestner, August"
2599,1800-06-01,"Kestner, Charlotte "
2599,1800-06-01,"Kestner, Eduard "
2599,1800-06-01,"Kestner, Fritz "
2599,1800-06-01,"Kestner, Georg "
2599,1800-06-01,"Kestner, Hermann "
2599,1800-06-01,"Kestner, Johann Christian "
2599,1800-06-01,"Kestner, Karl "
2599,1800-06-01,"Kestner, Klara"
2599,1800-06-01,"Kestner, Louise Amalie Henriette Antoinette"
2599,1800-06-01,"Kestner, Theodor "
2599,1800-06-01,"Kestner, Wilhelm "
2599,1800-06-01,"Partz, Ernst Ludwig"
2599,1800-06-01,"Parz, Frau"
2599,1800-06-01,"Rehberg, August Wilhelm"
2599,1800-06-01,"Rehberg, Caroline"
2599,1800-06-01,"Rehberg, Frau (Mutter von August Wilhelm und Caroline Rehberg)"
2599,1800-06-01,"Rehberg, Marie Philippine Caroline (geb. Höpfner)"
2599,1800-06-01,"Rudloff, Wilhelm August "
2599,1800-06-01,"Schelling, Caroline von"
2599,1800-06-01,"Schlegel, August Wilhelm von"
2599,1800-06-01,"Schlegel, Charlotte "
2599,1800-06-01,"Schlegel, Friedrich von"
2599,1800-06-01,"Schlegel, Johann August Adolph"
2599,1800-06-01,"Schlegel, Johann Carl Fürchtegott"
2599,1800-06-01,"Schlegel, Julie"
2599,1800-06-01,"Schlegel, Karl August"
2599,1800-06-01,"Schlegel, Karl August Moritz"
2599,1800-06-01,"Spall, Wilhelmine"
2599,1800-06-01,"Wolper, Amalie"
2687,1798-06-03,"Ernst, Charlotte"
2687,1798-06-03,"Goethe, Johann Wolfgang von"
2687,1798-06-03,"Mendelssohn, Henriette"
2687,1798-06-03,"Schelling, Caroline von"
2687,1798-06-03,"Schlegel, Dorothea von"
2687,1798-06-03,"Schlegel, Friedrich von"
2687,1798-06-03,"Zelter, Carl Friedrich"
2756,no_date,"Böhmer, Auguste"
2756,no_date,"Böttiger, Carl August"
2756,no_date,"Ernst, Charlotte"
2756,no_date,"Eschen, Friedrich August"
2756,no_date,"Fichte, Johann Gottlieb"
2756,no_date,"Iffland, August Wilhelm"
2756,no_date,"Klopstock, Friedrich Gottlieb"
2756,no_date,"Lessing, Gotthold Ephraim"
2756,no_date,"Niethammer, Friedrich Immanuel "
2756,no_date,Novalis
2756,no_date,"Schleiermacher, Friedrich"
2756,no_date,"Tieck, Ludwig"
2756,no_date,"Unger, Johann Friedrich Gottlieb"
2756,no_date,"Wieland, Christoph Martin"
2757,1797-12-18,"Becker, Wilhelm Gottlieb"
2757,1797-12-18,"Böhmer, Auguste"
2757,1797-12-18,"Friedrich Wilhelm II., Preußen, König"
2757,1797-12-18,"Goethe, Johann Wolfgang von"
2757,1797-12-18,"Heß, Jonas Ludwig von"
2757,1797-12-18,Jean Paul
2757,1797-12-18,"Kant, Immanuel"
2757,1797-12-18,"Klopstock, Friedrich Gottlieb"
2757,1797-12-18,"La Garde, Herr"
2757,1797-12-18,"Niethammer, Rosine Eleonore"
2757,1797-12-18,Novalis
2757,1797-12-18,"Reichardt, Johann Friedrich"
2757,1797-12-18,"Schelling, Caroline von"
2757,1797-12-18,"Schlegel, Dorothea von"
2757,1797-12-18,"Schlegel, Johanna Christiane Erdmuthe"
2757,1797-12-18,"Schleiermacher, Friedrich"
2757,1797-12-18,"Shakespeare, William"
2757,1797-12-18,"Tieck, Ludwig"
2757,1797-12-18,"Unger, Friederike Helene"
2757,1797-12-18,"Unger, Johann Friedrich Gottlieb"
2757,1797-12-18,"Vieweg, Friedrich"
2757,1797-12-18,"Wackenroder, Wilhelm Heinrich"
2757,1797-12-18,"Wieland, Christoph Martin"
2758,no_date,Aeschylus
2758,no_date,"Eschen, Friedrich August"
2758,no_date,"Fichte, Johann Gottlieb"
2758,no_date,"Goethe, Johann Wolfgang von"
2758,no_date,"Gries, Johann Diederich"
2758,no_date,"Hemsterhuis, François "
2758,no_date,"Hülsen, August Ludwig"
2758,no_date,Jean Paul
2758,no_date,"Kant, Immanuel"
2758,no_date,"Lessing, Gotthold Ephraim"
2758,no_date,"Müller, Johannes von"
2758,no_date,Novalis
2758,no_date,"Schleiermacher, Friedrich"
2758,no_date,"Shakespeare, William"
2758,no_date,"Tieck, Ludwig"
2758,no_date,"Unger, Johann Friedrich Gottlieb"
2758,no_date,"Vieweg, Friedrich"
2758,no_date,"Wieland, Christoph Martin"
2759,1798-01-15,"Böhmer, Auguste"
2759,1798-01-15,"Campe, Charlotte"
2759,1798-01-15,"Cramer, Carl Friedrich "
2759,1798-01-15,"Eschen, Friedrich August"
2759,1798-01-15,"Goethe, Johann Wolfgang von"
2759,1798-01-15,"Herder, Johann Gottfried von"
2759,1798-01-15,Jean Paul
2759,1798-01-15,"Klopstock, Friedrich Gottlieb"
2759,1798-01-15,"Lessing, Gotthold Ephraim"
2759,1798-01-15,"Reichardt, Johann Friedrich"
2759,1798-01-15,"Schelling, Caroline von"
2759,1798-01-15,"Schiller, Friedrich"
2759,1798-01-15,"Schlegel, Friedrich von"
2759,1798-01-15,"Shakespeare, William"
2759,1798-01-15,"Tieck, Ludwig"
2759,1798-01-15,"Unger, Friederike Helene"
2759,1798-01-15,"Unger, Johann Friedrich Gottlieb"
2759,1798-01-15,"Vieweg, Friedrich"
2759,1798-01-15,"Wieland, Christoph Martin"
2760,no_date,"Böhmer, Auguste"
2760,no_date,"Klopstock, Friedrich Gottlieb"
2760,no_date,"Lessing, Gotthold Ephraim"
2760,no_date,"Schelling, Caroline von"
2760,no_date,"Shakespeare, William"
2760,no_date,"Tieck, Ludwig"
2760,no_date,"Unger, Johann Friedrich Gottlieb"
2760,no_date,"Vieweg, Friedrich"
2760,no_date,"Wieland, Christoph Martin"
2761,no_date,"Ariosto, Ludovico"
2761,no_date,"Cervantes Saavedra, Miguel de"
2761,no_date,"Garve, Christian"
2761,no_date,"Gozzi, Carlo"
2761,no_date,"Guarini, Battista"
2761,no_date,"Humboldt, Wilhelm von"
2761,no_date,"Jonson, Ben "
2761,no_date,"Klopstock, Friedrich Gottlieb"
2761,no_date,"Lessing, Gotthold Ephraim"
2761,no_date,"Matthisson, Friedrich von"
2761,no_date,"Reinhold, Karl Leonhard "
2761,no_date,"Schelling, Caroline von"
2761,no_date,"Schiller, Friedrich"
2761,no_date,"Schleiermacher, Friedrich"
2761,no_date,"Shakespeare, William"
2761,no_date,"Tieck, Ludwig"
2761,no_date,"Vieweg, Friedrich"
2761,no_date,"Wackenroder, Wilhelm Heinrich"
2761,no_date,"Wieland, Christoph Martin"
2762,1798-02-27,"Brunck, Richard Franz Philipp "
2762,1798-02-27,"Hermesianax, Colophonius"
2762,1798-02-27,"Herz, Markus"
2762,1798-02-27,"Kayser, Karl Philipp"
2762,1798-02-27,"Klopstock, Friedrich Gottlieb"
2762,1798-02-27,"Lessing, Gotthold Ephraim"
2762,1798-02-27,"Mummius, Lucius"
2762,1798-02-27,Novalis
2762,1798-02-27,"Schelling, Caroline von"
2762,1798-02-27,"Schlegel, Friedrich von"
2762,1798-02-27,"Schleiermacher, Friedrich"
2763,no_date,"Fichte, Johann Gottlieb"
2763,no_date,"Gibbon, Edward"
2763,no_date,"Goethe, Johann Wolfgang von"
2763,no_date,Jean Paul
2763,no_date,"Lessing, Gotthold Ephraim"
2763,no_date,"Michaelis, Salomon"
2763,no_date,"Nicolai, Friedrich"
2763,no_date,"Niethammer, Friedrich Immanuel "
2763,no_date,Novalis
2763,no_date,"Schelling, Caroline von"
2763,no_date,"Schiller, Friedrich"
2763,no_date,"Schleiermacher, Friedrich"
2763,no_date,"Shakespeare, William"
2763,no_date,Socrates
2763,no_date,"Tieck, Ludwig"
2763,no_date,"Vieweg, Friedrich"
2763,no_date,"Wieland, Christoph Martin"
2764,no_date,Callimachus
2764,no_date,"Catullus, Gaius Valerius "
2764,no_date,Kallinus
2764,no_date,"Lessing, Gotthold Ephraim"
2764,no_date,"Mimnermus, Colophonius"
2764,no_date,"Mummius, Lucius"
2764,no_date,Novalis
2764,no_date,"Schelling, Caroline von"
2764,no_date,"Schleiermacher, Friedrich"
2764,no_date,"Shakespeare, William"
2764,no_date,"Simonides, Ceus"
2764,no_date,Solon
2764,no_date,"Theognis, Megarensis"
2764,no_date,Tyrtaeus
2764,no_date,"Unger, Johann Friedrich Gottlieb"
2764,no_date,"Wolzogen, Karoline von"
2765,1798-03-25,Alcaeus
2765,1798-03-25,Anacharsis
2765,1798-03-25,Anacreon
2765,1798-03-25,"Antimachus, Colophonius"
2765,1798-03-25,Aristophanes
2765,1798-03-25,Aristoteles
2765,1798-03-25,"Burman, Pieter"
2765,1798-03-25,"Böhmer, Auguste"
2765,1798-03-25,"Böttiger, Carl August"
2765,1798-03-25,Callimachus
2765,1798-03-25,"Fichte, Johann Gottlieb"
2765,1798-03-25,"Goethe, Johann Wolfgang von"
2765,1798-03-25,"Harless, Adolf Gottlieb Christoph"
2765,1798-03-25,"Heindorf, Ludwig Friedrich "
2765,1798-03-25,"Hermesianax, Colophonius"
2765,1798-03-25,"Hülsen, August Ludwig"
2765,1798-03-25,"Iffland, August Wilhelm"
2765,1798-03-25,"Ilgen, Karl David"
2765,1798-03-25,"Niethammer, Friedrich Immanuel "
2765,1798-03-25,Novalis
2765,1798-03-25,"Phanocles, Elegiacus"
2765,1798-03-25,"Philoxenus, Cytherius"
2765,1798-03-25,Pindarus
2765,1798-03-25,"Propertius, Sextus "
2765,1798-03-25,"Reichardt, Johann Friedrich"
2765,1798-03-25,Sappho
2765,1798-03-25,"Schelling, Caroline von"
2765,1798-03-25,"Schelling, Friedrich Wilhelm Joseph von"
2765,1798-03-25,"Schiller, Friedrich"
2765,1798-03-25,"Schleiermacher, Friedrich"
2765,1798-03-25,"Spalding, Georg Ludwig "
2765,1798-03-25,"Suidas, Thessalius"
2765,1798-03-25,"Unger, Friederike Helene"
2765,1798-03-25,"Unger, Johann Friedrich Gottlieb"
2765,1798-03-25,"Voß, Johann Heinrich"
2765,1798-03-25,"Wackenroder, Wilhelm Heinrich"
2765,1798-03-25,"Wolf, Friedrich August"
2765,1798-03-25,"Wolzogen, Karoline von"
2766,no_date,"Heindorf, Ludwig Friedrich "
2766,no_date,Novalis
2766,no_date,"Schlegel, Dorothea von"
2766,no_date,"Schleiermacher, Friedrich"
2766,no_date,"Shakespeare, William"
2766,no_date,"Tieck, Ludwig"
2766,no_date,"Unger, Friederike Helene"
2766,no_date,"Unger, Johann Friedrich Gottlieb"
2766,no_date,"Vieweg, Friedrich"
2767,1798-04-13,"Böhmer, Auguste"
2767,1798-04-13,"Fichte, Johann Gottlieb"
2767,1798-04-13,"Hirt, Aloys Ludwig"
2767,1798-04-13,"Hülsen, August Ludwig"
2767,1798-04-13,"Iffland, August Wilhelm"
2767,1798-04-13,"Niethammer, Friedrich Immanuel "
2767,1798-04-13,Novalis
2767,1798-04-13,"Schelling, Caroline von"
2767,1798-04-13,"Schlegel, Dorothea von"
2767,1798-04-13,"Tieck, Ludwig"
2767,1798-04-13,"Unger, Johann Friedrich Gottlieb"
2767,1798-04-13,"Vieweg, Friedrich"
2767,1798-04-13,"Wackenroder, Wilhelm Heinrich"
2768,no_date,"Böhmer, Auguste"
2768,no_date,"Cervantes Saavedra, Miguel de"
2768,no_date,"Hülsen, August Ludwig"
2768,no_date,"Iffland, August Wilhelm"
2768,no_date,"Phanocles, Elegiacus"
2768,no_date,"Schelling, Caroline von"
2768,no_date,"Shakespeare, William"
2768,no_date,"Tieck, Ludwig"
2769,1798-04-28,"Böhmer, Auguste"
2769,1798-04-28,"Ernst, Charlotte"
2769,1798-04-28,"Fichte, Johann Gottlieb"
2769,1798-04-28,"Goethe, Johann Wolfgang von"
2769,1798-04-28,"Hufeland, Gottlieb"
2769,1798-04-28,"Jacobi, Friedrich Heinrich"
2769,1798-04-28,Jean Paul
2769,1798-04-28,"Kant, Immanuel"
2769,1798-04-28,"Körner, Christian Gottfried "
2769,1798-04-28,"Lafontaine, August Heinrich Julius "
2769,1798-04-28,"Meißner, August Gottlieb"
2769,1798-04-28,"Nicolai, Friedrich"
2769,1798-04-28,"Niethammer, Friedrich Immanuel "
2769,1798-04-28,Novalis
2769,1798-04-28,"Pape, Georg Wilhelm August von"
2769,1798-04-28,"Reinhold, Karl Leonhard "
2769,1798-04-28,"Sander, Johann Daniel"
2769,1798-04-28,"Schelling, Caroline von"
2769,1798-04-28,"Schiller, Friedrich"
2769,1798-04-28,"Schlegel, Dorothea von"
2769,1798-04-28,"Schlegel, Johann Carl Fürchtegott"
2769,1798-04-28,"Schlegel, Karl August Moritz"
2769,1798-04-28,"Schleiermacher, Friedrich"
2769,1798-04-28,"Schütz, Christian Gottfried"
2769,1798-04-28,"Shakespeare, William"
2769,1798-04-28,"Tieck, Ludwig"
2769,1798-04-28,"Unger, Johann Friedrich Gottlieb"
2769,1798-04-28,"Vieweg, Friedrich"
3265,1798-02-17,"Klopstock, Friedrich Gottlieb"
3265,1798-02-17,Novalis
3265,1798-02-17,"Schelling, Caroline von"
3265,1798-02-17,"Schlegel, August Wilhelm von"
3265,1798-02-17,"Schlegel, Friedrich von"
3265,1798-02-17,"Tieck, Ludwig"
3265,1798-02-17,"Unger, Friederike Helene"
3265,1798-02-17,"Unger, Johann Friedrich Gottlieb"
3265,1798-02-17,"Vieweg, Friedrich"
3267,1798-03-06,"Fichte, Johann Gottlieb"
3267,1798-03-06,"Klopstock, Friedrich Gottlieb"
3267,1798-03-06,"Leibniz, Gottfried Wilhelm "
3267,1798-03-06,"Lessing, Gotthold Ephraim"
3267,1798-03-06,"Schelling, Caroline von"
3267,1798-03-06,"Schlegel, Friedrich von"
3267,1798-03-06,"Unger, Friederike Helene"
3269,1798-01-22,Aeschylus
3269,1798-01-22,"Eschen, Friedrich August"
3269,1798-01-22,"Lessing, Gotthold Ephraim"
3269,1798-01-22,"Nicolai, Friedrich"
3269,1798-01-22,"Schelling, Caroline von"
3269,1798-01-22,"Schlegel, Friedrich von"
3269,1798-01-22,"Schlosser, Johann Georg"
3269,1798-01-22,"Shakespeare, William"
3269,1798-01-22,"Voß, Johann Heinrich"
3278,1800-01-06,"Bernhardi, August Ferdinand"
3278,1800-01-06,"Bürger, Gottfried August"
3278,1800-01-06,"Frölich, Heinrich"
3278,1800-01-06,"Goethe, Johann Wolfgang von"
3278,1800-01-06,"Herder, Johann Gottfried von"
3278,1800-01-06,"Huber, Ludwig Ferdinand"
3278,1800-01-06,"Matthisson, Friedrich von"
3278,1800-01-06,"Parny, Évariste "
3278,1800-01-06,"Schlegel, Friedrich von"
3278,1800-01-06,"Schmidt, Friedrich Wilhelm August "
3278,1800-01-06,"Voß, Johann Heinrich"
3366,1797-12-16,"Schelling, Caroline von"
3366,1797-12-16,"Schlegel, Friedrich von"
3366,1797-12-16,"Shakespeare, William"
3367,1798-02-24,"Brinckmann, Karl Gustav von"
3367,1798-02-24,"Gotter, Friedrich Wilhelm "
3367,1798-02-24,"Schelling, Caroline von"
3368,1798-05-01,"Karl August, Sachsen-Weimar-Eisenach, Großherzog"
3368,1798-05-01,"Mellish, Joseph Charles "
3368,1798-05-01,"Shakespeare, William"
3369,1798-06-18,"Berg, Caroline Friederike von"
3369,1798-06-18,"Eybenberg, Marianne von "
3369,1798-06-18,"Meyer, Heinrich"
3369,1798-06-18,"Schelling, Caroline von"
3369,1798-06-18,"Schiller, Friedrich"
3369,1798-06-18,"Schlegel, Friedrich von"
3369,1798-06-18,"Tieck, Ludwig"
3369,1798-06-18,"Zelter, Carl Friedrich"
3403,1798-02-19,"Brinckmann, Karl Gustav von"
3403,1798-02-19,"Gotter, Cäcilie"
3403,1798-02-19,"Gotter, Friedrich Wilhelm "
3403,1798-02-19,"Gotter, Luise"
3403,1798-02-19,"Schelling, Caroline von"
3403,1798-02-19,"Shakespeare, William"
3403,1798-02-19,"Unger, Johann Friedrich Gottlieb"
3404,1798-05-09,"Frankenberg, Sylvius Friedrich Ludwig von"
3404,1798-05-09,"Fritsch, Jakob Friedrich von"
3404,1798-05-09,Novalis
3404,1798-05-09,"Schelling, Caroline von"
3404,1798-05-09,"Schlegel, Friedrich von"
3405,1798-06-10,"Berg, Caroline Friederike von"
3405,1798-06-10,"Ernst, Ludwig Emanuel"
3405,1798-06-10,"Eybenberg, Marianne von "
3405,1798-06-10,"Fiorillo, Johann Dominik"
3405,1798-06-10,"Iffland, August Wilhelm"
3405,1798-06-10,"Meyer, Heinrich"
3405,1798-06-10,"Nicolai, Friedrich"
3405,1798-06-10,"Schiller, Friedrich"
3405,1798-06-10,"Schlegel, Friedrich von"
3405,1798-06-10,"Shakespeare, William"
3405,1798-06-10,"Tieck, Ludwig"
3405,1798-06-10,"Zelter, Carl Friedrich"
3406,no_date,"Bethmann, Friederike"
3406,no_date,"Eybenberg, Marianne von "
3406,no_date,"Schlegel, Friedrich von"
3549,1791-07-06,"Ludwig XVI., Frankreich, König "
3549,1791-07-06,"Matthiae, August"
3549,1791-07-06,"Mogge Muilman, Willem Ferdinand"
3549,1791-07-06,"Muilman, Hendrik"
3549,1791-07-06,"Planck, Gottlieb J. "
3549,1791-07-06,"Schlegel, Johann Adolf"
3549,1791-07-06,"Ziegler, Werner Carl Ludwig "
3774,1798-06-15,"Castricum, Maria Henriëtte van (geb. Muilman, gen. Jetje)"
3774,1798-06-15,"Hooft, Suzanna Cornelia (geb. Muilman)"
3774,1798-06-15,"Metelerkamp, Johannes Jacobus"
3774,1798-06-15,"Muilman, Hendrik"
3774,1798-06-15,"Muilman, Susanna Cornelia (geb. Mogge)"
3774,1798-06-15,"Schelling, Caroline von"
3825,1790-10-15,"Bardenfleth, Augusta Vilhelmine von (geb. Hellfried)"
3825,1790-10-15,"Braun, Frau"
3825,1790-10-15,"Böhmer, Georg Ludwig"
3825,1790-10-15,"Bürger, Elise "
3825,1790-10-15,"Bürger, Gottfried August"
3825,1790-10-15,"Cruse, Johann Christian Gottlieb"
3825,1790-10-15,"Ernst, Charlotte"
3825,1790-10-15,"Ernst, Henriette"
3825,1790-10-15,"Ernst, Ludwig Emanuel"
3825,1790-10-15,"Hellfried, Fredderikke Vilhelmine (geb. Jessen)"
3825,1790-10-15,"Hellfried, Johann Carl Frederik "
3825,1790-10-15,"Hellfried, Ulrica Antoinette"
3825,1790-10-15,"Hugo, Gustav "
3825,1790-10-15,"Marie Sophie Friederike, Danmark, Dronning "
3825,1790-10-15,"Oelrichs, Johann Georg Arnold "
3825,1790-10-15,"Pütter, Johann Stephan"
3825,1790-10-15,"Schikler, Herr"
3825,1790-10-15,"Schlegel, Augusta Amalie (geb. Jessen, Kopenhagen)"
3825,1790-10-15,"Schlegel, Charlotte "
3825,1790-10-15,"Schlegel, Friedrich von"
3825,1790-10-15,"Schlegel, Johann Adolf"
3825,1790-10-15,"Schlegel, Johann Carl Fürchtegott"
3825,1790-10-15,"Schlegel, Johanna Christiane Erdmuthe"
3825,1790-10-15,"Schlegel, Karl August Moritz"
3825,1790-10-15,"Schlegel, Marie Elisabeth (geb. Hellfried)"
3825,1790-10-15,"Schlegel, Ulrike Antoinette (Kopenhagener Schlegels)"
3825,1790-10-15,"Voß, Johann Heinrich"
3826,1791-06-03,"Bialloblotzky, Heinrich Siegfried "
3826,1791-06-03,"Pape, Georg Wilhelm August von"
3826,1791-06-03,"Rehberg, Caroline"
3826,1791-06-03,"Schelling, Caroline von"
3826,1791-06-03,"Schlegel, Friedrich von"
3826,1791-06-03,"Schlegel, Johanna Christiane Erdmuthe"
3826,1791-06-03,"Schlegel, Karl August Moritz"
3826,1791-06-03,"Tatter, Georg Ernst"
3827,1791-06-13,"Ernst, Charlotte"
3827,1791-06-13,"Ernst, Henriette"
3827,1791-06-13,"Ernst, Ludwig Emanuel"
3827,1791-06-13,"Heyne, Christian Gottlob"
3827,1791-06-13,"Möser, Justus"
3827,1791-06-13,"Pape, Georg Wilhelm August von"
3827,1791-06-13,"Rehberg, Caroline"
3827,1791-06-13,"Schiller, Friedrich"
3827,1791-06-13,"Schlegel, Charlotte "
3827,1791-06-13,"Schlegel, Friedrich von"
3827,1791-06-13,"Schlegel, Johann Adolf"
3827,1791-06-13,"Schlegel, Johanna Christiane Erdmuthe"
3827,1791-06-13,"Schlegel, Karl August Moritz"
3827,1791-06-13,"Spall, Wilhelmine"
3827,1791-06-13,"Tatter, Georg Ernst"
3827,1791-06-13,"Voigts, Jenny von"
3828,1791-06-22,"Arnswaldt, Christina Catharina Charlotta von"
3828,1791-06-22,"Bialloblotzky, Heinrich Siegfried "
3828,1791-06-22,"Cruse, Johann Christian Gottlieb"
3828,1791-06-22,"Ernst, Charlotte"
3828,1791-06-22,"Ernst, Henriette"
3828,1791-06-22,"Gärtner, Fräulein"
3828,1791-06-22,"Gärtner, Herr (Braunschweig)"
3828,1791-06-22,"Pape, Georg Wilhelm August von"
3828,1791-06-22,"Schlegel, Charlotte "
3828,1791-06-22,"Schlegel, Friedrich von"
3828,1791-06-22,"Schlegel, Johann August Adolph"
3828,1791-06-22,"Schlegel, Johanna Christiane Erdmuthe"
3828,1791-06-22,"Schlegel, Karl August Moritz"
3828,1791-06-22,"Spall, Wilhelmine"
3828,1791-06-22,"Strube, Herr"
3828,1791-06-22,"Tatter, Georg Ernst"
3829,1791-07-08,"Bialloblotzky, Heinrich Siegfried "
3829,1791-07-08,"Cruse, Johann Christian Gottlieb"
3829,1791-07-08,"Ernst, Charlotte"
3829,1791-07-08,"Ernst, Henriette"
3829,1791-07-08,"Goethe, Johann Wolfgang von"
3829,1791-07-08,"Gärtner, Fräulein"
3829,1791-07-08,"Gärtner, Herr (Braunschweig)"
3829,1791-07-08,"Gärtner, Karl Christian"
3829,1791-07-08,"Heiliger, Ernst Anton"
3829,1791-07-08,"Heiliger, Fräulein"
3829,1791-07-08,"Heinrichs/Hinrichs, Herr"
3829,1791-07-08,"Heyne, Christian Gottlob"
3829,1791-07-08,"Koppe, Herr (Hildesheim)"
3829,1791-07-08,"Niemeyer, August Hermann "
3829,1791-07-08,"Pape, Georg Wilhelm August von"
3829,1791-07-08,"Radefeld, Johann Carl Siegfried"
3829,1791-07-08,"Schiller, Friedrich"
3829,1791-07-08,"Schlegel, Friedrich von"
3829,1791-07-08,"Schlegel, Johann Adolf"
3829,1791-07-08,"Schlegel, Johanna Christiane Erdmuthe"
3829,1791-07-08,"Schlegel, Karl August Moritz"
3829,1791-07-08,"Scholvin, Gerhard Philipp"
3829,1791-07-08,"Strohmeyer, Johann Andreas"
3829,1791-07-08,"Strube, Herr"
3829,1791-07-08,"Tatter, Georg Ernst"
3830,1791-07-15,(Schwedischer Graf in Amsterdam)
3830,1791-07-15,"Bornemann, Herr"
3830,1791-07-15,"Böhmer, Georg Ludwig"
3830,1791-07-15,"Fiorillo, Johann Dominik"
3830,1791-07-15,"Heyne, Christian Gottlob"
3830,1791-07-15,"Schlegel, Friedrich von"
3830,1791-07-15,"Schlegel, Johann Adolf"
3830,1791-07-15,"Schlegel, Johanna Christiane Erdmuthe"
3830,1791-07-15,"Schulz, Herr (Leipzig)"
3830,1791-07-15,"Tatter, Georg Ernst"
3831,1791-07-20,"Bornemann, Herr"
3831,1791-07-20,"Ernst, Henriette"
3831,1791-07-20,"Heyne, Christian Gottlob"
3831,1791-07-20,"Schlegel, August Wilhelm von"
3831,1791-07-20,"Schlegel, Johann Adolf"
3831,1791-07-20,"Schlegel, Johanna Christiane Erdmuthe"
3832,1791-08-16,"Bialloblotzky, Heinrich Siegfried "
3832,1791-08-16,"Bürger, Gottfried August"
3832,1791-08-16,"Ernst, Henriette"
3832,1791-08-16,"Hacht, Frau von"
3832,1791-08-16,"Hacht, Henning von"
3832,1791-08-16,"Kaiser, Fräulein"
3832,1791-08-16,"Kant, Immanuel"
3832,1791-08-16,"Moritz, Karl Philipp"
3832,1791-08-16,"Pape, Georg Wilhelm August von"
3832,1791-08-16,"Rehberg, August Wilhelm"
3832,1791-08-16,"Schiller, Friedrich"
3832,1791-08-16,"Schlegel, Caroline (Tante Caroline)"
3832,1791-08-16,"Schlegel, Charlotte "
3832,1791-08-16,"Schlegel, Johann Adolf"
3832,1791-08-16,"Schlegel, Johann August Adolph"
3832,1791-08-16,"Schlegel, Johanna Christiane Erdmuthe"
3832,1791-08-16,"Schlegel, Karl August Moritz"
3832,1791-08-16,"Schröder, Friedrich Ludwig "
3832,1791-08-16,"Spall, Wilhelmine"
3832,1791-08-16,"Wehner, Ludolph David"
3834,1791-12-07,"Bürger, Gottfried August"
3834,1791-12-07,"Cruse, Johann Christian Gottlieb"
3834,1791-12-07,"Ernst, Charlotte"
3834,1791-12-07,"Ernst, Henriette"
3834,1791-12-07,"Ernst, Ludwig Emanuel"
3834,1791-12-07,"Gärtner, Fräulein"
3834,1791-12-07,"Gärtner, Herr (Braunschweig)"
3834,1791-12-07,"Harless, Adolf Gottlieb Christoph"
3834,1791-12-07,"Koch, Carolina Augusta (geb. Schindler)"
3834,1791-12-07,"Lehzen, Louise (?)"
3834,1791-12-07,"Longarini, Herr"
3834,1791-12-07,"Ovidius Naso, Publius "
3834,1791-12-07,"Pape, Georg Wilhelm August von"
3834,1791-12-07,"Rehberg, Caroline"
3834,1791-12-07,"Sallustius Crispus, Gaius "
3834,1791-12-07,"Schiller, Friedrich"
3834,1791-12-07,"Schindler, Adolph Ferdinand"
3834,1791-12-07,"Schindler, Augusta Sophia (geb. Weiße/Weise)"
3834,1791-12-07,"Schindler, Carl August"
3834,1791-12-07,"Schindler, Carl Philipp"
3834,1791-12-07,"Schindler, Johann Friedrich"
3834,1791-12-07,"Schindler, Philipp Wilhelm"
3834,1791-12-07,"Schlegel, Charlotte "
3834,1791-12-07,"Schlegel, Friedrich von"
3834,1791-12-07,"Schlegel, Karl August Moritz"
3834,1791-12-07,"Schlegel, Wilhelmine Sophia (geb. Weiße/Weise)"
3834,1791-12-07,"Velleius, Paterculus "
3834,1791-12-07,"Wolff, Franz Ferdinand"
3963,1798-04-07,"Malone, Edmond"
3963,1798-04-07,"Reed, Isaac "
3963,1798-04-07,"Shakespeare, William"
3963,1798-04-07,"Tibullus, Albius "
4043,1791-02-21,"Ernst August, Hannover, König "
4043,1791-02-21,"Hutton, William"
4043,1791-02-21,"Oelrichs, Johann Georg Arnold "
4043,1791-02-21,"Smith, George Thomas"
4043,1791-02-21,"Smith, Juliet"
4159,1790-08-22,"Arenhold, Adolph Johann Gustav"
4159,1790-08-22,"Arnswaldt, Karl Friedrich Alexander von"
4159,1790-08-22,"Broglie, Maurice Jean Madeleine de"
4159,1790-08-22,"Bruce, James"
4159,1790-08-22,"Bürger, Elise "
4159,1790-08-22,"Bürger, Gottfried August"
4159,1790-08-22,"Büsching, Anton Friedrich"
4159,1790-08-22,"Dieterich, Heinrich "
4159,1790-08-22,"Drake, Nathan"
4159,1790-08-22,"Feder, Johann Georg Heinrich"
4159,1790-08-22,"Friedrich II., Preußen, König"
4159,1790-08-22,"Fölkersahm, Georg von"
4159,1790-08-22,"Heyne, Christian Gottlob"
4159,1790-08-22,"Huber, Therese"
4159,1790-08-22,"Launay de Tillières, Augustus von"
4159,1790-08-22,"Lyttelton, George, Lord"
4159,1790-08-22,"Michaelis, Johann David "
4159,1790-08-22,"Möller, Johann Georg Ludwig"
4159,1790-08-22,"Pütter, Johann Stephan"
4159,1790-08-22,"Schelling, Caroline von"
4159,1790-08-22,"Schiller, Friedrich"
4159,1790-08-22,"Schlözer, August Ludwig von"
4159,1790-08-22,"Schlözer, Dorothea von"
4159,1790-08-22,"Smith, George"
4159,1790-08-22,"Smith, George Thomas"
4159,1790-08-22,"Smith, Juliet"
4159,1790-08-22,"Stewart, John"
4159,1790-08-22,"Tatter, Georg Ernst"
4159,1790-08-22,"Vergilius Maro, Publius "
4159,1790-08-22,"Wolcot, John"
4159,1790-08-22,"Zimmermann, Johann Georg"
4160,1791-06-30,"Charnock, Herr"
4160,1791-06-30,"Fiorillo, Johann Dominik"
4160,1791-06-30,"Fischer, Johann Heinrich"
4160,1791-06-30,Friedrich (?)
4160,1791-06-30,"Gumprecht, Moses"
4160,1791-06-30,"Heyne, Christian Gottlob"
4160,1791-06-30,"Lawrence, Richard James"
4160,1791-06-30,"Lichtenberg, Georg Christoph "
4160,1791-06-30,"Ludwig XVI., Frankreich, König "
4160,1791-06-30,"Smith, George Thomas"
4233,1791-09-06,"Basemann, Frau"
4233,1791-09-06,"Cruse, Johann Christian Gottlieb"
4233,1791-09-06,"Dyck, Auguste"
4233,1791-09-06,"Ernst, Charlotte"
4233,1791-09-06,"Ernst, Ludwig Emanuel"
4233,1791-09-06,"Gärtner, Fräulein"
4233,1791-09-06,"Gärtner, Herr (Braunschweig)"
4233,1791-09-06,"Kaiser, Fräulein"
4233,1791-09-06,"Kind, Johann Adam Gottlieb "
4233,1791-09-06,"Koch, Carolina Augusta (geb. Schindler)"
4233,1791-09-06,"Neumann, Frau"
4233,1791-09-06,"Neumann, Herr"
4233,1791-09-06,"Rehberg, Caroline"
4233,1791-09-06,"Schlegel, Caroline (Tante Caroline)"
4233,1791-09-06,"Schlegel, Charlotte "
4233,1791-09-06,"Schlegel, Friedrich von"
4233,1791-09-06,"Schlegel, Johann Adolf"
4233,1791-09-06,"Schlegel, Johann Carl Fürchtegott"
4233,1791-09-06,"Schlegel, Johanna Christiane Erdmuthe"
4233,1791-09-06,"Schlegel, Karl August Moritz"
4233,1791-09-06,"Schlegel, Wilhelmine Sophia (geb. Weiße/Weise)"
4233,1791-09-06,"Spall, Wilhelmine"
4234,1791-09-22,"Adolph Frederic, Cambridge, Herzog"
4234,1791-09-22,"Arnswaldt, Christian Ludwig August von "
4234,1791-09-22,"Augustus Frederick, Großbritannien-Irland, Prinz"
4234,1791-09-22,"Bartels, August Christian"
4234,1791-09-22,"Bialloblotzky, Heinrich Siegfried "
4234,1791-09-22,"Chappuzeau, Christoph Heinrich"
4234,1791-09-22,"Ernst August, Hannover, König "
4234,1791-09-22,"Ernst, Charlotte"
4234,1791-09-22,"Ernst, Ludwig Emanuel"
4234,1791-09-22,"Fröbing, Johann Christoph"
4234,1791-09-22,"Holscher, Johann Konrad Achaz "
4234,1791-09-22,"Less, Gottfried"
4234,1791-09-22,"Marcard, Caroline Juliane Ernestine (geb. Hedemann)"
4234,1791-09-22,"Marcard, Heinrich Matthias "
4234,1791-09-22,"Nöldeke, Herr"
4234,1791-09-22,"Reden, Franz Ludwig Wilhelm von"
4234,1791-09-22,"Rehberg, August Wilhelm"
4234,1791-09-22,"Rehberg, Caroline"
4234,1791-09-22,"Salfeld, Johann Christoph "
4234,1791-09-22,"Schlegel, Johann Adolf"
4234,1791-09-22,"Schlegel, Johann Carl Fürchtegott"
4234,1791-09-22,"Schlegel, Johanna Christiane Erdmuthe"
4234,1791-09-22,"Schlegel, Wilhelmine Sophia (geb. Weiße/Weise)"
4234,1791-09-22,"Schläger, Seneca (?)"
4234,1791-09-22,"Struve, Jacob"
4234,1791-09-22,"Tatter, Georg Ernst"
4235,1791-10-12,"Alberti, Georg Arnold"
4235,1791-10-12,"Alberti, Johann Carl"
4235,1791-10-12,"Bialloblotzky, Heinrich Siegfried "
4235,1791-10-12,"Blauel, Familie (Hannover)"
4235,1791-10-12,"Böhmer, Johann Georg"
4235,1791-10-12,"Böhmer, Louise"
4235,1791-10-12,"Ernst, Charlotte"
4235,1791-10-12,"Ernst, Henriette"
4235,1791-10-12,"Ernst, Ludwig Emanuel"
4235,1791-10-12,"Gerber, Herr"
4235,1791-10-12,"Gärtner, Fräulein"
4235,1791-10-12,"Gärtner, Herr (Braunschweig)"
4235,1791-10-12,"Gärtner, Herr (Hamburg)"
4235,1791-10-12,"Hagemann, Andreas Wilhelm"
4235,1791-10-12,"Hagemann, Frau"
4235,1791-10-12,"Klockenbring, Friedrich A."
4235,1791-10-12,"Klockenbring, Sophia Rudolphina"
4235,1791-10-12,"Kumme, Frau (Hannover)"
4235,1791-10-12,"Lehzen, Joachim Friedrich"
4235,1791-10-12,"Lehzen, Louise (?)"
4235,1791-10-12,"Lehzen, Marie Catharina Melusine (geb. Palm)"
4235,1791-10-12,"Ompteda, Christian von"
4235,1791-10-12,"Ompteda, Ludwig Konrad Georg von"
4235,1791-10-12,"Pape, Georg Wilhelm August von"
4235,1791-10-12,"Rehberg, August Wilhelm"
4235,1791-10-12,"Rehberg, Caroline"
4235,1791-10-12,"Rehberg, Frau (Mutter von August Wilhelm und Caroline Rehberg)"
4235,1791-10-12,"Rudloff, Wilhelm August "
4235,1791-10-12,"Schlegel, Caroline (Tante Caroline)"
4235,1791-10-12,"Schlegel, Johann Adolf"
4235,1791-10-12,"Schlegel, Johann Carl Fürchtegott"
4235,1791-10-12,"Schlegel, Johanna Christiane Erdmuthe"
4235,1791-10-12,"Schlegel, Karl August Moritz"
4235,1791-10-12,"Schlegel, Wilhelmine Sophia (geb. Weiße/Weise)"
4235,1791-10-12,"Schmidt, Herr (Hannover)"
4235,1791-10-12,"Tatter, Georg Ernst"
4235,1791-10-12,"Zimmermann, Luise Margarethe (geb. von Berger)"
4236,1791-11-13,"Alberti, Johann Carl"
4236,1791-11-13,"Arnswaldt, Christian Ludwig August von "
4236,1791-11-13,"Arnswaldt, Henriette Luise von"
4236,1791-11-13,"Arnswaldt, Karl Friedrich Alexander von"
4236,1791-11-13,"Basemann, Frau"
4236,1791-11-13,"Bialloblotzky, Heinrich Siegfried "
4236,1791-11-13,"Bischoff, Johann Nicolaus"
4236,1791-11-13,"Blanchard, Jean-Pierre"
4236,1791-11-13,"Blauel, Familie (Hannover)"
4236,1791-11-13,"Böhmer, Frau (Hannover)"
4236,1791-11-13,"Böhmer, Johann Georg"
4236,1791-11-13,"Böhmer, Louise"
4236,1791-11-13,"Chappuzeau, Christoph Heinrich"
4236,1791-11-13,"Cruse, Johann Christian Gottlieb"
4236,1791-11-13,"Dyck, Auguste"
4236,1791-11-13,"Dyck, Johann Gottfried "
4236,1791-11-13,"Ernst, Charlotte"
4236,1791-11-13,"Ernst, Ludwig Emanuel"
4236,1791-11-13,"Friederike, Preußen, Prinzessin"
4236,1791-11-13,"Friedrich, York und Albany, Herzog "
4236,1791-11-13,"Georg III., Großbritannien, König"
4236,1791-11-13,"Gärtner, Fräulein"
4236,1791-11-13,"Gärtner, Herr (Braunschweig)"
4236,1791-11-13,"Hagemann, Andreas Wilhelm"
4236,1791-11-13,"Hagemann, Frau"
4236,1791-11-13,"Hoppenstedt, August Ludwig"
4236,1791-11-13,"Jacobi, Johann Friedrich"
4236,1791-11-13,"Klockenbring, Sophia Rudolphina"
4236,1791-11-13,"Koch, Carolina Augusta (geb. Schindler)"
4236,1791-11-13,"Kumme, Frau (Hannover)"
4236,1791-11-13,"Köppen, Johann Heinrich Justus"
4236,1791-11-13,"Lehzen, Joachim Friedrich"
4236,1791-11-13,"Lehzen, Marie Catharina Melusine (geb. Palm)"
4236,1791-11-13,"Neumann, Frau"
4236,1791-11-13,"Offeney, Justus August Wilhelm"
4236,1791-11-13,"Ompteda, Ludwig Konrad Georg von"
4236,1791-11-13,"Rehberg, August Wilhelm"
4236,1791-11-13,"Rehberg, Caroline"
4236,1791-11-13,"Rehberg, Frau (Mutter von August Wilhelm und Caroline Rehberg)"
4236,1791-11-13,"Salfeld, Johann Christoph "
4236,1791-11-13,"Schlegel, Friedrich von"
4236,1791-11-13,"Schlegel, Johann Adolf"
4236,1791-11-13,"Schlegel, Johann Carl Fürchtegott"
4236,1791-11-13,"Schlegel, Johanna Christiane Erdmuthe"
4236,1791-11-13,"Schlegel, Karl August"
4236,1791-11-13,"Schlegel, Karl August Moritz"
4236,1791-11-13,"Schlegel, Wilhelmine Sophia (geb. Weiße/Weise)"
4236,1791-11-13,"Schmidt, Frau (Hannover)"
4236,1791-11-13,"Schmidt, Herr (Hannover)"
4236,1791-11-13,"Weiße, Familie (Magdeburg)"
4236,1791-11-13,"Wüllen, Frau (Hannover)"
4236,1791-11-13,"Zimmermann, Luise Margarethe (geb. von Berger)"
4237,1791-11-25,"Ernst, Henriette"
4237,1791-11-25,"Jacobi, Johann Friedrich"
4237,1791-11-25,"Koppe, Johann Benjamin "
4237,1791-11-25,"Less, Dorothea Salome"
4237,1791-11-25,"Less, Gottfried"
4237,1791-11-25,"Mogge Muilman, Willem Ferdinand"
4237,1791-11-25,"Rahn, Herr"
4237,1791-11-25,"Salfeld, Johann Christoph "
4237,1791-11-25,"Schlegel, Johann Adolf"
4237,1791-11-25,"Schlegel, Johann Carl Fürchtegott"
4237,1791-11-25,"Schlegel, Johanna Christiane Erdmuthe"
4237,1791-11-25,"Schweppe, Levin Friedrich"
4237,1791-11-25,"Wallmoden-Gimborn, Johann Ludwig von"
4238,1792-01-27,"Bialloblotzky, Heinrich Siegfried "
4238,1792-01-27,"Breiger, Anna Elisabeth (Betty, geb. Trummer)"
4238,1792-01-27,"Campe, Johann Heinrich "
4238,1792-01-27,"Ernst, Charlotte"
4238,1792-01-27,"Gellert, Christian Fürchtegott "
4238,1792-01-27,"Kotzebue, August von"
4238,1792-01-27,"Lichtenberg, Georg Christoph "
4238,1792-01-27,"Mauvillon, Éléazar de "
4238,1792-01-27,"Pape, Georg Wilhelm August von"
4238,1792-01-27,"Schiller, Friedrich"
4238,1792-01-27,"Schlegel, Charlotte "
4238,1792-01-27,"Schlegel, Johann Adolf"
4238,1792-01-27,"Schlegel, Johann August Adolph"
4238,1792-01-27,"Schlegel, Johann Carl Fürchtegott"
4238,1792-01-27,"Schlegel, Johanna Christiane Erdmuthe"
4238,1792-01-27,"Schlegel, Karl August Moritz"
4238,1792-01-27,"Spall, Wilhelmine"
4238,1792-01-27,"Wallmoden, Ernst Georg August von"
4238,1792-01-27,"Wallmoden, Karl August Ludwig von"
4238,1792-01-27,"Wallmoden-Gimborn, Johann Ludwig von"
4238,1792-01-27,"Wallmoden-Liechtenstein, Luise Christiane von"
4238,1792-01-27,"Wolf, Friedrich August"
4238,1792-01-27,"Zimmermann, Johann Georg"
4239,1792-02-16,"Arnswaldt, Christian Ludwig August von "
4239,1792-02-16,"Arnswaldt, Karl Friedrich Alexander von"
4239,1792-02-16,"Berlepsch, Emilie von"
4239,1792-02-16,"Berlepsch, Friedrich Carl Emil von"
4239,1792-02-16,"Berlepsch, Friedrich Ludwig von"
4239,1792-02-16,"Bürger, Agathon"
4239,1792-02-16,"Bürger, Elise "
4239,1792-02-16,"Bürger, Gottfried August"
4239,1792-02-16,"Ernst, Charlotte"
4239,1792-02-16,"Ernst, Ludwig Emanuel"
4239,1792-02-16,"Georg III., Großbritannien, König"
4239,1792-02-16,"Hardenberg, Friedrich von"
4239,1792-02-16,"Klockenbring, Friedrich A."
4239,1792-02-16,"Kotzebue, August von"
4239,1792-02-16,"La Roche, Sophie von "
4239,1792-02-16,"Mahrenholz, Frau von"
4239,1792-02-16,"Marcard, Heinrich Matthias "
4239,1792-02-16,"Pape, Georg Wilhelm August von"
4239,1792-02-16,"Pfeffel, Gottlieb Konrad "
4239,1792-02-16,"Rehberg, August Wilhelm"
4239,1792-02-16,"Rehberg, Caroline"
4239,1792-02-16,"Rehberg, Frau (Mutter von August Wilhelm und Caroline Rehberg)"
4239,1792-02-16,"Schindler, Adolph Ferdinand"
4239,1792-02-16,"Schindler, Carl August"
4239,1792-02-16,"Schindler, Johann Friedrich"
4239,1792-02-16,"Schindler, Philipp Wilhelm"
4239,1792-02-16,"Schlegel, Charlotte "
4239,1792-02-16,"Schlegel, Friedrich von"
4239,1792-02-16,"Schlegel, Johann Adolf"
4239,1792-02-16,"Schlegel, Johann Carl Fürchtegott"
4239,1792-02-16,"Schlegel, Karl August Moritz"
4239,1792-02-16,"Spall, Wilhelmine"
4240,1792-03-13,"Beulwitz, Anton Friedrich von"
4240,1792-03-13,"Brüggemann, Herr"
4240,1792-03-13,"Bütemeister, Wilhelm"
4240,1792-03-13,"Campe, Johann Heinrich "
4240,1792-03-13,"Duve, Herr"
4240,1792-03-13,"Ernst, Charlotte"
4240,1792-03-13,"Gladbach, Friedrich Christian"
4240,1792-03-13,"Heyne, Christian Gottlob"
4240,1792-03-13,"Hinüber, Georg von"
4240,1792-03-13,"Honstedt, August von"
4240,1792-03-13,"Katharina II., Russland, Zarin"
4240,1792-03-13,"Kind, Johann Adam Gottlieb "
4240,1792-03-13,"Köster, Herr"
4240,1792-03-13,"Marcard, Caroline Juliane Ernestine (geb. Hedemann)"
4240,1792-03-13,"Marcard, Heinrich Matthias "
4240,1792-03-13,"Möller, Johann Georg Ludwig"
4240,1792-03-13,"Müller, Georg Samuel"
4240,1792-03-13,"Offeney, Justus August Wilhelm"
4240,1792-03-13,"Reden, Franz Ludwig Wilhelm von"
4240,1792-03-13,"Rehberg, August Wilhelm"
4240,1792-03-13,"Rehberg, Caroline"
4240,1792-03-13,"Rehberg, Frau (Mutter von August Wilhelm und Caroline Rehberg)"
4240,1792-03-13,"Rudloff, Wilhelm August "
4240,1792-03-13,"Rühling, Herr"
4240,1792-03-13,"Schlegel, Charlotte "
4240,1792-03-13,"Schlegel, Friedrich von"
4240,1792-03-13,"Schlegel, Johann Adolf"
4240,1792-03-13,"Schlegel, Johann Carl Fürchtegott"
4240,1792-03-13,"Schlegel, Johanna Christiane Erdmuthe"
4240,1792-03-13,"Schlegel, Karl August"
4240,1792-03-13,"Schlegel, Karl August Moritz"
4240,1792-03-13,"Tischbein, Johann Friedrich August "
4240,1792-03-13,"Ubbelohde, Johann Friedrich"
4240,1792-03-13,"Wichmann, Johann Ernst"
4240,1792-03-13,"Willig, Herr"
4240,1792-03-13,"Wyttenbach, Daniel Albert "
4240,1792-03-13,"Zimmermann, Johann Georg"
4241,1792-04-05,"Bialloblotzky, Heinrich Siegfried "
4241,1792-04-05,"Ernst, Charlotte"
4241,1792-04-05,"Ernst, Ludwig Emanuel"
4241,1792-04-05,"Ernst, Sigmund"
4241,1792-04-05,"Kind, Johann Adam Gottlieb "
4241,1792-04-05,"Klockenbring, Friedrich A."
4241,1792-04-05,"Klockenbring, Sophia Rudolphina"
4241,1792-04-05,"Möser, Justus"
4241,1792-04-05,"Rehberg, August Wilhelm"
4241,1792-04-05,"Rehberg, Caroline"
4241,1792-04-05,"Rehberg, Frau (Mutter von August Wilhelm und Caroline Rehberg)"
4241,1792-04-05,"Schlegel, Friedrich von"
4241,1792-04-05,"Schlegel, Johann Adolf"
4241,1792-04-05,"Schlegel, Johanna Christiane Erdmuthe"
4242,1792-05-14,"Bialloblotzky, Heinrich Siegfried "
4242,1792-05-14,"Bornemann, Herr"
4242,1792-05-14,"Cruse, Johann Christian Gottlieb"
4242,1792-05-14,"Ernst, Charlotte"
4242,1792-05-14,"Ernst, Sigmund"
4242,1792-05-14,"Feit, Frau von"
4242,1792-05-14,"Feronce von Rotenkreutz, Jean Baptiste"
4242,1792-05-14,"Hugo, Helene Charlotte Amalie von"
4242,1792-05-14,"Malortie, Juliane von (geb. von Platen zu Hallermund)"
4242,1792-05-14,"Maximilian, Sachsen, Prinz"
4242,1792-05-14,"Meyer, Familie (Hannover)"
4242,1792-05-14,"Möser, Justus"
4242,1792-05-14,"Pape, Georg Wilhelm August von"
4242,1792-05-14,"Platen zu Hallermund, Elisabeth von "
4242,1792-05-14,"Platen, Georg von"
4242,1792-05-14,"Platen-Hallermund, Ernst Franz von"
4242,1792-05-14,"Platen-Hallermund, Friederike von"
4242,1792-05-14,"Rehberg, August Wilhelm"
4242,1792-05-14,"Rehberg, Caroline"
4242,1792-05-14,"Rehberg, Frau (Mutter von August Wilhelm und Caroline Rehberg)"
4242,1792-05-14,"Reventlow-Criminil, Charlotte Juliane von (geb. von Platen zu Hallermund)"
4242,1792-05-14,"Sachsen, Carolina von"
4242,1792-05-14,"Schlegel, Charlotte "
4242,1792-05-14,"Schlegel, Friedrich von"
4242,1792-05-14,"Schlegel, Johann Adolf"
4242,1792-05-14,"Schlegel, Johann August Adolph"
4242,1792-05-14,"Schlegel, Johann Carl Fürchtegott"
4242,1792-05-14,"Schlegel, Johanna Christiane Erdmuthe"
4242,1792-05-14,"Schlegel, Karl August Moritz"
4242,1792-05-14,"Spall, Wilhelmine"
4242,1792-05-14,"Voigts, Jenny von"
4243,1792-06-01,"Bouterwek, Friedrich"
4243,1792-06-01,"Ernst, Sigmund"
4243,1792-06-01,"Hugo, Helene Charlotte Amalie von"
4243,1792-06-01,"Pape, Georg Wilhelm August von"
4243,1792-06-01,"Radde, Frau (geb. Schläger)"
4243,1792-06-01,"Radde, Herr"
4243,1792-06-01,"Rehberg, Caroline"
4243,1792-06-01,"Schlegel, Charlotte "
4243,1792-06-01,"Schlegel, Johann Adolf"
4243,1792-06-01,"Schlegel, Johann August Adolph"
4243,1792-06-01,"Schlegel, Johann Carl Fürchtegott"
4243,1792-06-01,"Schlegel, Johanna Christiane Erdmuthe"
4243,1792-06-01,"Schlegel, Karl August Moritz"
4243,1792-06-01,"Spall, Wilhelmine"
4243,1792-06-01,"Tatter, Georg Ernst"
4244,1792-06-14,"Brandes, Ernst"
4244,1792-06-14,"Ernst, Charlotte"
4244,1792-06-14,"Ernst, Ludwig Emanuel"
4244,1792-06-14,"Ernst, Sigmund"
4244,1792-06-14,"Kotzebue, August von"
4244,1792-06-14,"Marcard, Heinrich Matthias "
4244,1792-06-14,"Maximilian, Sachsen, Prinz"
4244,1792-06-14,"Möser, Justus"
4244,1792-06-14,"Pape, Georg Wilhelm August von"
4244,1792-06-14,"Ramdohr, Friedrich Wilhelm Basilius von "
4244,1792-06-14,"Rehberg, August Wilhelm"
4244,1792-06-14,"Rehberg, Caroline"
4244,1792-06-14,"Schlegel, Friedrich von"
4244,1792-06-14,"Schlegel, Johann Adolf"
4244,1792-06-14,"Schlegel, Johann Carl Fürchtegott"
4244,1792-06-14,"Schlegel, Johanna Christiane Erdmuthe"
4244,1792-06-14,"Schlegel, Karl August Moritz"
4267,1798-06-08,Aeschylus
4267,1798-06-08,Aristophanes
4267,1798-06-08,"Beck, Christian Daniel"
4267,1798-06-08,"Brunck, Richard Franz Philipp "
4267,1798-06-08,"Eschen, Friedrich August"
4267,1798-06-08,Euripides
4267,1798-06-08,"Gries, Johann Diederich"
4267,1798-06-08,"Hutten, Johann Georg "
4267,1798-06-08,"Invernizi, Filippo "
4267,1798-06-08,"Lange, Johann Georg"
4267,1798-06-08,Plutarchus 
4267,1798-06-08,Richter (Familie in Jena)
4267,1798-06-08,"Schelling, Caroline von"
4267,1798-06-08,"Schütz, Christian Gottfried"
4267,1798-06-08,Sophocles
4267,1798-06-08,"Wattenwyl, Albrecht Rudolf von"
4267,1798-06-08,"Wattenwyl, Nikolaus Rudolf von"
4267,1798-06-08,Zickler (Familie in Jena)
4268,1791-04-30,"Ernst, Henriette"
4268,1791-04-30,"Kalm, Herr"
4268,1791-04-30,"Muilman, Hendrik"
4268,1791-04-30,"Prehn, Henning Joachim van"
4268,1791-04-30,"Schlegel, Johann Adolf"
4268,1791-04-30,"Schlegel, Johann Carl Fürchtegott"
4268,1791-04-30,"Schlegel, Johanna Christiane Erdmuthe"
4277,no_date,"Falk, Caroline"
4277,no_date,"Goethe, Johann Wolfgang von"
4277,no_date,"Gries, Johann Diederich"
4277,no_date,"Hufeland, Gottlieb"
4277,no_date,"Schelling, Caroline von"
4277,no_date,"Schütz, Christian Gottfried"
4317,no_date,"Feder, Karl August Ludwig"
4317,no_date,"Georg III., Großbritannien, König"
4400,1791-08-01,"Dornford, Josiah "
4401,1791-09-22,"Dornford, Josiah "
4401,1791-09-22,"Schlegel, Johann Adolf"
4774,1797-12-25,"Ernst, Charlotte"
4774,1797-12-25,"Gessler, Karl Friedrich, Graf von"
4774,1797-12-25,"Goethe, Johann Wolfgang von"
4774,1797-12-25,"Hemsterhuis, François "
4774,1797-12-25,"Humboldt, Wilhelm von"
4774,1797-12-25,"Körner, Christian Gottfried "
4774,1797-12-25,"Schelling, Caroline von"
4774,1797-12-25,"Schelling, Friedrich Wilhelm Joseph von"
4774,1797-12-25,"Schiller, Friedrich"
4774,1797-12-25,"Schlegel, Friedrich von"
4775,1798-01-12,"Böhmer, Auguste"
4775,1798-01-12,"Böttiger, Carl August"
4775,1798-01-12,"Ernst, Charlotte"
4775,1798-01-12,"Gries, Johann Diederich"
4775,1798-01-12,"Schelling, Caroline von"
4775,1798-01-12,"Schelling, Friedrich Wilhelm Joseph von"
4775,1798-01-12,"Schlegel, August Wilhelm von"
4775,1798-01-12,"Schlegel, Friedrich von"
4776,1798-02-24,"Goethe, Johann Wolfgang von"
4776,1798-02-24,"Schelling, Friedrich Wilhelm Joseph von"
4776,1798-02-24,"Schlegel, Friedrich von"
4776,1798-02-24,"Schleiermacher, Friedrich"
4776,1798-02-24,"Unger, Johann Friedrich Gottlieb"
4866,1791-10-13,"Bürger, Gottfried August"
4866,1791-10-13,"Schiller, Friedrich"
5374,1798-01-16,"Akenside, Mark"
5374,1798-01-16,"Göschen, Georg Joachim, der Ältere"
5374,1798-01-16,"Ovidius Naso, Publius "
5374,1798-01-16,"Schiller, Friedrich"
5374,1798-01-16,"Schumann, Johann Gottlob"
5374,1798-01-16,"Veith, Philipp"
5374,1798-01-16,"Vergilius Maro, Publius "
5374,1798-01-16,"Voß, Johann Heinrich"
5395,1792-03-20,"Chevallier, Paulus"
5395,1792-03-20,"Hollebeek, Ewaldus"
5395,1792-03-20,"Oelrichs, Johann Georg Arnold "
5395,1792-03-20,"Schlegel, Johann Carl Fürchtegott"
5634,1791-05-20,"Brem, Herr von"
5634,1791-05-20,"Bürger, Gottfried August"
5634,1791-05-20,"Ebert, Johann Arnold"
5634,1791-05-20,"Ernst, Henriette"
5634,1791-05-20,"Falcke, Ernst Friedrich Hektor "
5634,1791-05-20,"Mogge Muilman, Willem Ferdinand"
5634,1791-05-20,"Muilman, Hendrik"
5634,1791-05-20,"Muilman, Susanna Cornelia (geb. Mogge)"
5634,1791-05-20,"Mäyer, Frau"
5634,1791-05-20,"Mäyer, Herr"
5634,1791-05-20,"Möser, Justus"
5634,1791-05-20,"Pape, Georg Wilhelm August von"
5634,1791-05-20,"Rehberg, Caroline"
5634,1791-05-20,"Schiller, Friedrich"
5634,1791-05-20,"Schlegel, Friedrich von"
5634,1791-05-20,"Schlegel, Johann Adolf"
5634,1791-05-20,"Schlegel, Johann Carl Fürchtegott"
5634,1791-05-20,"Schlegel, Johanna Christiane Erdmuthe"
5634,1791-05-20,"Schmidt, Herr (Hannover)"
5635,no_date,"Cruse, Johann Christian Gottlieb"
5635,no_date,"Ernst, Charlotte"
5635,no_date,"Eschenburg, Johann Joachim"
5635,no_date,"Gärtner, Fräulein"
5635,no_date,"Kotzebue, August von"
5635,no_date,"Mogge Muilman, Willem Ferdinand"
5635,no_date,"Schlegel, Friedrich von"
5635,no_date,"Schlegel, Johann Adolf"
5635,no_date,"Schlegel, Johann Carl Fürchtegott"
5635,no_date,"Schmidt, Frau (Braunschweig)"
5636,no_date,"Arnswaldt, Christian Ludwig August von "
5636,no_date,"Arnswaldt, Karl Friedrich Alexander von"
5636,no_date,"Chappuzeau, Christoph Heinrich"
5636,no_date,"Cruse, Johann Christian Gottlieb"
5636,no_date,"Ernst, Charlotte"
5636,no_date,"Ernst, Fräulein (?)"
5636,no_date,"Ernst, Henriette"
5636,no_date,"Gärtner, Fräulein"
5636,no_date,"Gärtner, Herr (Braunschweig)"
5636,no_date,"Haußen [Hausen?], Herr, Dr."
5636,no_date,"Köppen, Johann Heinrich Justus"
5636,no_date,"Less, Gottfried"
5636,no_date,"Möser, Juliane Elisabeth (geb. Brouning)"
5636,no_date,"Möser, Justus"
5636,no_date,"Rehberg, August Wilhelm"
5636,no_date,"Rehberg, Caroline"
5636,no_date,"Rehberg, Frau (Mutter von August Wilhelm und Caroline Rehberg)"
5636,no_date,"Rehberg, Friedrich"
5636,no_date,"Rehberg, Marie Philippine Caroline (geb. Höpfner)"
5636,no_date,"Salfeld, Johann Christoph "
5636,no_date,"Schlegel, August Wilhelm von"
5636,no_date,"Schlegel, Friedrich Anton Heinrich"
5636,no_date,"Schlegel, Friedrich von"
5636,no_date,"Schlegel, Johann Adolf"
5636,no_date,"Schlegel, Johann Carl Fürchtegott"
5636,no_date,"Schlegel, Karl August"
5636,no_date,"Schlegel, Karl August Moritz"
5636,no_date,"Wichmann, Johann Ernst"
5637,no_date,"Chappuzeau, Christoph Heinrich"
5637,no_date,"Ernst, Charlotte"
5637,no_date,"Ernst, Henriette"
5637,no_date,"Ernst, Ludwig Emanuel"
5637,no_date,"Friederike, Preußen, Prinzessin"
5637,no_date,"Friedrich, York und Albany, Herzog "
5637,no_date,"Less, Gottfried"
5637,no_date,"Ramdohr, Friedrich Wilhelm Basilius von "
5637,no_date,"Salfeld, Johann Christoph "
5637,no_date,"Schlegel, Friedrich von"
5637,no_date,"Schlegel, Johann Adolf"
5637,no_date,"Schlegel, Johann Carl Fürchtegott"
5637,no_date,"Schlegel, Karl August Moritz"
5637,no_date,"Schweppe, Levin Friedrich"
5637,no_date,"Wichmann, Johann Ernst"
5638,no_date,"Arnswaldt, Christian Ludwig August von "
5638,no_date,"Bialloblotzky, Heinrich Siegfried "
5638,no_date,"Chappuzeau, Christoph Heinrich"
5638,no_date,"Cortemann, Frau (?)"
5638,no_date,"Heiliger, Ernst Anton"
5638,no_date,"Kirchhof, Herr"
5638,no_date,"Köppen, Johann Heinrich Justus"
5638,no_date,"Less, Dorothea Salome"
5638,no_date,"Less, Gottfried"
5638,no_date,"Mogge Muilman, Willem Ferdinand"
5638,no_date,"Möser, Juliane Elisabeth (geb. Brouning)"
5638,no_date,"Möser, Justus"
5638,no_date,"Ramdohr, Friedrich Wilhelm Basilius von "
5638,no_date,"Rehberg, August Wilhelm"
5638,no_date,"Rehberg, Caroline"
5638,no_date,"Rehberg, Frau (Mutter von August Wilhelm und Caroline Rehberg)"
5638,no_date,"Rehberg, Friedrich"
5638,no_date,"Salfeld, Johann Christoph "
5638,no_date,"Schlegel, Caroline (Tante Caroline)"
5638,no_date,"Schlegel, Friedrich von"
5638,no_date,"Schlegel, Johann Adolf"
5638,no_date,"Schlegel, Johann August Adolph"
5638,no_date,"Schlegel, Johann Carl Fürchtegott"
5638,no_date,"Schlegel, Johanna Christiane Erdmuthe"
5638,no_date,"Spall, Wilhelmine"
5638,no_date,"Struve, Jacob"
5638,no_date,"Wichmann, Johann Ernst"
5639,no_date,"Arnswaldt, Karl Friedrich Alexander von"
5639,no_date,"Bialloblotzky, Heinrich Siegfried "
5639,no_date,"Brandes, Georg Friedrich "
5639,no_date,"Ernst, Charlotte"
5639,no_date,"Ernst, Henriette"
5639,no_date,"Ernst, Ludwig Emanuel"
5639,no_date,"Georg III., Großbritannien, König"
5639,no_date,"Hinüber, Georg von"
5639,no_date,"Mogge Muilman, Willem Ferdinand"
5639,no_date,"Möller, Johann Georg Ludwig"
5639,no_date,"Nieper, Georg Heinrich "
5639,no_date,"Pütter, Johann Stephan"
5639,no_date,"Rehberg, August Wilhelm"
5639,no_date,"Schlegel, Caroline (Tante Caroline)"
5639,no_date,"Schlegel, Johann Adolf"
5639,no_date,"Schlegel, Johann Carl Fürchtegott"
5639,no_date,"Schlegel, Johanna Christiane Erdmuthe"
5639,no_date,"Schwarzkopf, Joachim von"
5640,1791-10-18,"Arnswaldt, Christian Ludwig August von "
5640,1791-10-18,"Arnswaldt, Karl Friedrich Alexander von"
5640,1791-10-18,"Bialloblotzky, Heinrich Siegfried "
5640,1791-10-18,"Chappuzeau, Christoph Heinrich"
5640,1791-10-18,"Ernst, Charlotte"
5640,1791-10-18,"Ernst, Henriette"
5640,1791-10-18,"Mogge Muilman, Willem Ferdinand"
5640,1791-10-18,"Ompteda, Ludwig Konrad Georg von"
5640,1791-10-18,"Pütter, Johann Stephan"
5640,1791-10-18,"Rehberg, August Wilhelm"
5640,1791-10-18,"Rehberg, Caroline"
5640,1791-10-18,"Rehberg, Frau (Mutter von August Wilhelm und Caroline Rehberg)"
5640,1791-10-18,"Rudloff, Wilhelm August "
5640,1791-10-18,"Schlegel, Caroline (Tante Caroline)"
5640,1791-10-18,"Schlegel, Johann Adolf"
5640,1791-10-18,"Schlegel, Johanna Christiane Erdmuthe"
5640,1791-10-18,"Schlegel, Karl August Moritz"
5640,1791-10-18,"Schlegel, Wilhelmine Sophia (geb. Weiße/Weise)"
5641,no_date,"Brandes, Marie Friederike"
5641,no_date,"Cruse, Johann Christian Gottlieb"
5641,no_date,"Ebert, Johann Arnold"
5641,no_date,"Ernst, Charlotte"
5641,no_date,"Ernst, Henriette"
5641,no_date,"Ernst, Sigmund"
5641,no_date,"Eschenburg, Johann Joachim"
5641,no_date,"Feronce von Rotenkreutz, Jean Baptiste"
5641,no_date,"Heyne, Christian Gottlob"
5641,no_date,"Mogge Muilman, Willem Ferdinand"
5641,no_date,"Muilman, Hendrik"
5641,no_date,"Schlegel, Johann Adolf"
5641,no_date,"Schlegel, Johann Carl Fürchtegott"
5641,no_date,"Stuve, Johann"
5643,no_date,"Berlepsch, Emilie von"
5643,no_date,"Brandes, Marie Friederike"
5643,no_date,"Bürger, Elise "
5643,no_date,"Bürger, Gottfried August"
5643,no_date,"Ernst, Charlotte"
5643,no_date,"Ernst, Ludwig Emanuel"
5643,no_date,"Goethe, Johann Wolfgang von"
5643,no_date,"Heyne, Christian Gottlob"
5643,no_date,"Muilman, Hendrik"
5643,no_date,"Pütter, Johann Stephan"
5643,no_date,"Rehberg, August Wilhelm"
5643,no_date,"Rehberg, Caroline"
5643,no_date,"Rehberg, Frau (Mutter von August Wilhelm und Caroline Rehberg)"
5643,no_date,"Rudloff, Wilhelm August "
5643,no_date,"Schlegel, August Wilhelm von"
5643,no_date,"Schlegel, Charlotte "
5643,no_date,"Schlegel, Friedrich von"
5643,no_date,"Schlegel, Johann Adolf"
5643,no_date,"Schlegel, Johann August Adolph"
5643,no_date,"Schlegel, Karl August Moritz"
5643,no_date,"Spall, Wilhelmine"
5785,1790-07-29,"Smith, George"
5785,1790-07-29,"Smith, George Thomas"
5786,1790-10-11,"Smith, George"
5786,1790-10-11,"Smith, George Thomas"
7165,1791-07-29,"Ballhorn, Johann"
7165,1791-07-29,"Heiliger, Ernst Anton"
7165,1791-07-29,"Heinrichs/Hinrichs, Herr"
7165,1791-07-29,Homerus
7165,1791-07-29,"Jacobi, Johann Friedrich"
7165,1791-07-29,"Köppen, Johann Heinrich Justus"
7165,1791-07-29,"Niemeyer, August Hermann "
7165,1791-07-29,"Ruperti, Herr"
7165,1791-07-29,"Schlegel, Caroline (Tante Caroline)"
7165,1791-07-29,"Schlegel, Friedrich von"
7165,1791-07-29,"Schlegel, Johanna Christiane Erdmuthe"
7165,1791-07-29,"Schlegel, Karl August Moritz"
7165,1791-07-29,"Sextro, Heinrich Philipp "
7165,1791-07-29,"Struve, Jacob"
7432,1798-06-16,"Butler, Samuel "
7432,1798-06-16,"Ernst, Ludwig Emanuel"
7432,1798-06-16,"Eybenberg, Marianne von "
7432,1798-06-16,"Gedike, Friedrich "
7432,1798-06-16,"Hufeland, Konradine Luise Wilhelmine"
7432,1798-06-16,"Loder, Charlotte Luise Auguste"
7432,1798-06-16,"Loder, Justus Christian von"
7432,1798-06-16,"Schlegel, Friedrich von"
7432,1798-06-16,"Schütz, Christian Gottfried"
7432,1798-06-16,"Shakespeare, William"
7432,1798-06-16,"Soltau, Dietrich Wilhelm "
7432,1798-06-16,"Tieck, Ludwig"
7432,1798-06-16,"Vieweg, Friedrich"
7432,1798-06-16,"Voß, Johann Heinrich"
7432,1798-06-16,"Wiedemann, Fräulein"
7433,no_date,"Becker, Wilhelm Gottlieb"
7433,no_date,"Eschen, Friedrich August"
7433,no_date,"Fiedler, Friedrich Wilhelm"
7433,no_date,"Gries, Johann Diederich"
7433,no_date,Homerus
7433,no_date,"Hufeland, Konradine Luise Wilhelmine"
7433,no_date,"Lange, Johann Georg"
7433,no_date,"Loder, Charlotte Luise Auguste"
7433,no_date,"Loder, Justus Christian von"
7433,no_date,"Schlegel, August Wilhelm von"
7433,no_date,"Schlegel, Friedrich von"
7433,no_date,"Schütz, Christian Gottfried"
7433,no_date,"Shakespeare, William"
7433,no_date,"Tieck, Amalie"
7433,no_date,"Tieck, Ludwig"
7433,no_date,"Unger, Johann Friedrich Gottlieb"
7433,no_date,"Voß, Johann Heinrich"
7531,1790-05-21,"Hutton, William"
7531,1790-05-21,"Smith, George Thomas"
7831,no_date,"Shakespeare, William"
7866,1790-04-22,"Forster, Georg"
7866,1790-04-22,"Golicyn, Dmitrij A."
7866,1790-04-22,"Humboldt, Alexander von"
7866,1790-04-22,"Humboldt, Wilhelm von"
12020,1798-01-18,"Einsiedel, Friedrich Hildebrand von"
12020,1798-01-18,"Goethe, Johann Wolfgang von"
12020,1798-01-18,"Gotter, Cäcilie"
12020,1798-01-18,"Gotter, Luise"
12020,1798-01-18,"Göschen, Johanna Henriette"
12020,1798-01-18,"Hamilton, Emma"
12020,1798-01-18,"Heun/Heyne, Marianne"
12020,1798-01-18,"Klopstock, Friedrich Gottlieb"
12020,1798-01-18,"Schelling, Caroline von"
12020,1798-01-18,"Schiller, Friedrich"
12020,1798-01-18,"Wieland, Christoph Martin"
1,1791-01-06,"Kirchner, Heinrich Julius"
3,1798-05-26,"Göschen, Johanna Henriette"
3,1798-05-26,"Heun/Heyne, Marianne"
3,1798-05-26,"Iffland, August Wilhelm"
3,1798-05-26,"Iffland, Luise"
3,1798-05-26,Jean Paul
3,1798-05-26,"Schelling, Caroline von"
4245,1792-07-13,"Bialloblotzky, Heinrich Siegfried "
4245,1792-07-13,"Cruse, Johann Christian Gottlieb"
4245,1792-07-13,"Ebert, Johann Arnold"
4245,1792-07-13,"Eisendecher, Johann Christian Friedrich"
4245,1792-07-13,"Ernst, Charlotte"
4245,1792-07-13,"Ernst, Sigmund"
4245,1792-07-13,"Eschenburg, Johann Joachim"
4245,1792-07-13,"Falcke, Ernst Friedrich Hektor "
4245,1792-07-13,"Gatterer, Johann Christoph "
4245,1792-07-13,"Goethe, Johann Wolfgang von"
4245,1792-07-13,"Hahnemann, Samuel"
4245,1792-07-13,"Händel, Georg Friedrich "
4245,1792-07-13,"Klockenbring, Friedrich A."
4245,1792-07-13,"Lehzen, Fräulein"
4245,1792-07-13,"Möser, Justus"
4245,1792-07-13,"Pape, Georg Wilhelm August von"
4245,1792-07-13,Plato
4245,1792-07-13,"Rehberg, August Wilhelm"
4245,1792-07-13,"Rehberg, Caroline"
4245,1792-07-13,"Rehberg, Frau (Mutter von August Wilhelm und Caroline Rehberg)"
4245,1792-07-13,"Schlegel, Friedrich von"
4245,1792-07-13,"Schlegel, Johann Adolf"
4245,1792-07-13,"Schlegel, Johanna Christiane Erdmuthe"
4246,1792-07-21,"Bialloblotzky, Auguste Amalia Maria (geb. Ballhorn)"
4246,1792-07-21,"Bialloblotzky, Heinrich Siegfried "
4246,1792-07-21,"Brandes, Ernst"
4246,1792-07-21,"Cruse, Johann Christian Gottlieb"
4246,1792-07-21,"Ebert, Johann Arnold"
4246,1792-07-21,"Ernst, Charlotte"
4246,1792-07-21,"Eschenburg, Johann Joachim"
4246,1792-07-21,"Gärtner, Fräulein"
4246,1792-07-21,"Gärtner, Herr (Braunschweig)"
4246,1792-07-21,"Krause, Herr (Rektor)"
4246,1792-07-21,"Lehzen, Joachim Friedrich"
4246,1792-07-21,"Lehzen, Louise (?)"
4246,1792-07-21,Louis
4246,1792-07-21,"Moritz, Karl Philipp"
4246,1792-07-21,"Moritz-Matzdorff, Christiane Friederike "
4246,1792-07-21,"Möser, Justus"
4246,1792-07-21,"Nicolai, Friedrich"
4246,1792-07-21,"Pape, Georg Wilhelm August von"
4246,1792-07-21,"Rehberg, August Wilhelm"
4246,1792-07-21,"Rehberg, Caroline"
4246,1792-07-21,"Schlegel, August Wilhelm von"
4246,1792-07-21,"Schlegel, Caroline (Tante Caroline)"
4246,1792-07-21,"Schlegel, Friedrich von"
4246,1792-07-21,"Schlegel, Johann Adolf"
4246,1792-07-21,"Schlegel, Johann Carl Fürchtegott"
4246,1792-07-21,"Schlegel, Karl August Moritz"
4246,1792-07-21,"Trembler, Herr"
4246,1792-07-21,"Voigts, Jenny von"
4246,1792-07-21,"Wilken, Familie (Hannover)"
4269,1792-07-14,Braunschweig-Lüneburg (Familie)
4269,1792-07-14,"Ernst, Henriette"
4269,1792-07-14,"Mogge Muilman, Willem Ferdinand"
4269,1792-07-14,"Muilman, Hendrik"
4269,1792-07-14,Oranje-Nassau (Familie)
4269,1792-07-14,"Prehn, Henning Joachim van"
4269,1792-07-14,"Schlegel, Johann Adolf"
4269,1792-07-14,"Schlegel, Johann Carl Fürchtegott"
4269,1792-07-14,"Schlegel, Johanna Christiane Erdmuthe"
4269,1792-07-14,"Tollius, Hermann"
2171,1792-07-05,(Sophie)
2171,1792-07-05,"Bornemann, Herr"
2171,1792-07-05,Carracci (Familie) 
2171,1792-07-05,"Engel, Johann Jakob "
2171,1792-07-05,"Garve, Christian"
2171,1792-07-05,"Gellert, Christian Fürchtegott "
2171,1792-07-05,"Hemsterhuis, François "
2171,1792-07-05,"Kant, Immanuel"
2171,1792-07-05,"Lessing, Gotthold Ephraim"
2171,1792-07-05,"Maimon, Salomon"
2171,1792-07-05,"Moritz, Karl Philipp"
2171,1792-07-05,"Rousseau, Jean-Jacques "
2171,1792-07-05,"Schelling, Caroline von"
2171,1792-07-05,"Schlegel, Johann Adolf"
2171,1792-07-05,"Schlegel, Johann Carl Fürchtegott"
2171,1792-07-05,"Shaftesbury, Anthony Ashley Cooper of "
2171,1792-07-05,Voltaire
2171,1792-07-05,"Wezel, Johann Carl"
3835,1792-09-09,"Cruse, Johann Christian Gottlieb"
3835,1792-09-09,"Ebert, Johann Arnold"
3835,1792-09-09,"Ebert, Louise Antoinette Henriette"
3835,1792-09-09,"Ernst, Henriette"
3835,1792-09-09,"Ernst, Sigmund"
3835,1792-09-09,"Fischer, Herr"
3835,1792-09-09,"Goethe, Johann Wolfgang von"
3835,1792-09-09,"Hugo, Helene Charlotte Amalie von"
3835,1792-09-09,"Lehzen, Joachim Friedrich"
3835,1792-09-09,"Lehzen, Louise (?)"
3835,1792-09-09,"Lehzen, Marie Catharina Melusine (geb. Palm)"
3835,1792-09-09,"Mogge Muilman, Willem Ferdinand"
3835,1792-09-09,"Nicolay, Ludwig Heinrich von"
3835,1792-09-09,"Pape, Georg Wilhelm August von"
3835,1792-09-09,"Rehberg, August Wilhelm"
3835,1792-09-09,"Rehberg, Frau (Mutter von August Wilhelm und Caroline Rehberg)"
3835,1792-09-09,"Schlegel, Johann Adolf"
3835,1792-09-09,"Schlegel, Johanna Christiane Erdmuthe"
3835,1792-09-09,"Stolberg-Stolberg, Friedrich Leopold zu"
500,1792-09-28,"Bouterwek, Friedrich"
500,1792-09-28,"Dante, Alighieri"
500,1792-09-28,"Fiorillo, Johann Dominik"
500,1792-09-28,"Fiorillo, Otto Centurius"
500,1792-09-28,"Heyne, Christian Gottlob"
500,1792-09-28,"Hoffmann, Leopold Alois"
500,1792-09-28,"Huber, Ludwig Ferdinand"
500,1792-09-28,"Leonardo, da Vinci"
500,1792-09-28,"Müllner, Friederike"
500,1792-09-28,"Reinhard, Karl"
500,1792-09-28,"Salis-Seewis, Johann Gaudenz von"
500,1792-09-28,"Schaz, Georg"
500,1792-09-28,"Schiller, Friedrich"
500,1792-09-28,"Schmidt, Klamer Eberhard Karl"
4247,1792-09-11,"Ernst, Charlotte"
4247,1792-09-11,"Falcke, Ernst Friedrich Hektor "
4247,1792-09-11,"Lehzen, Joachim Friedrich"
4247,1792-09-11,"Lehzen, Marie Catharina Melusine (geb. Palm)"
4247,1792-09-11,"Rehberg, August Wilhelm"
4247,1792-09-11,"Rehberg, Caroline"
4247,1792-09-11,"Rehberg, Frau (Mutter von August Wilhelm und Caroline Rehberg)"
4247,1792-09-11,"Schlegel, Friedrich von"
4247,1792-09-11,"Schlegel, Johann Adolf"
4057,no_date,"Kaa, Anton (?)"
4057,no_date,"Muilman, Hendrik"
2172,no_date,"Bornemann, Herr"
2172,no_date,"Limburger, Laura"
2172,no_date,"Schlegel, Johann Carl Fürchtegott"
499,1792-07-30,"Bürger, Elise "
499,1792-07-30,"Liebeskind, Dorothea Margaretha "
499,1792-07-30,"Reinhard, Karl"
499,1792-07-30,"Schelling, Caroline von"
