487,1798-03-07,"Shakespeare, William: Der Sturm [Ü: August Wilhelm von Schlegel]"
487,1798-03-07,"Shakespeare, William: Der Sturm [Ü: Johann Joachim Eschenburg]"
487,1798-03-07,"Shakespeare, William: Die lustigen Weiber zu Windsor [Ü: Johann Joachim Eschenburg]"
487,1798-03-07,"Shakespeare, William: Dramatische Werke [Ü: August Wilhelm von Schlegel]"
487,1798-03-07,"Shakespeare, William: Dramatische Werke. Dritter Theil [Ü: August Wilhelm von Schlegel]"
487,1798-03-07,"Shakespeare, William: Schauspiele [Ü: Johann Joachim Eschenburg]"
487,1798-03-07,"Shakespeare, William: The Tempest"
487,1798-03-07,"Shakespeare, William: Zwei Veroneser [Ü: Johann Joachim Eschenburg]"
487,1798-03-07,"Tieck, Ludwig: Der Sturm "
487,1798-03-07,"Tieck, Ludwig: Die Kupferstiche nach der Shakspeare (Shakespeare)-Galerie in London"
494,no_date,"Bunsen, Philipp Ludwig: Die letzten Seufzer eines Selbstmörders"
494,no_date,"Bunsen, Philipp Ludwig: Neujahrswunsch an Hrn. G. J. Rath Erxleben"
494,no_date,"Bürger, Gottfried August: Actenstücke über einen poetischen Wettstreit"
494,no_date,"Dante, Alighieri: Divina commedia"
494,no_date,"Schlegel, August Wilhelm von: Ugolino. Aus Dantes Hölle"
494,no_date,"Wildungen, Ludwig Karl Eberhard Heinrich Friedrich von: Neujahrswunsch an Hrn. G. J. Rath Erxleben"
495,1791-06-11,"Bürger, Gottfried August: Vorläufige Antikritik und Anzeige"
495,1791-06-11,"Dante, Alighieri: Divina commedia"
495,1791-06-11,"Petrarca, Francesco: Sonette [Ü: August Wilhelm von Schlegel]"
495,1791-06-11,"Schiller, Friedrich: Verteidigung des Rezensenten gegen obige Antikritik (von Gottfried August Bürger)"
495,1791-06-11,"Schiller, Friedrich: Über Bürgers Gedichte (Rezension)"
495,1791-06-11,"Schlegel, August Wilhelm von: Dante. Über die göttliche Komödie"
495,1791-06-11,"Shakespeare, William: A Midsummer Nightʼs Dream"
496,1791-07-02,"Bürger, Gottfried August: An August Wilhelm Schlegel (Sonett)"
496,1791-07-02,"Petrarca, Francesco: Ahndung von Laura’s Tode [Ü: August Wilhelm von Schlegel]"
496,1791-07-02,"Petrarca, Francesco: Die selige Zeit [Ü: August Wilhelm von Schlegel]"
496,1791-07-02,"Petrarca, Francesco: So war sie [Ü: August Wilhelm von Schlegel]"
496,1791-07-02,"Schlegel, August Wilhelm von: An die Rhapsodinn"
496,1791-07-02,"Schlegel, August Wilhelm von: An einen Kunstrichter"
496,1791-07-02,"Schlegel, August Wilhelm von: Aus dem Gefängniß "
496,1791-07-02,"Schlegel, August Wilhelm von: Die Erhörung"
496,1791-07-02,"Schlegel, August Wilhelm von: Die Priesterin der Trümmer"
496,1791-07-02,"Schlegel, August Wilhelm von: Die verlorne Unschuld"
496,1791-07-02,"Schlegel, August Wilhelm von: Erzürnte Liebe"
496,1791-07-02,"Schlegel, August Wilhelm von: Gedichte"
497,1791-10-31,"Bouterwek, Friedrich: Graf Donamar. Briefe, geschrieben zur Zeit des siebenjährigen Krieges in Deutschland"
497,1791-10-31,"Bürger, Gottfried August: Bellin"
497,1791-10-31,"Bürger, Gottfried August: Gedichte"
497,1791-10-31,"Bürger, Gottfried August: Heloise an Abelard"
497,1791-10-31,"Bürger, Gottfried August: Hübnerus redivivus"
497,1791-10-31,"Bürger, Gottfried August: Vorläufige Antikritik und Anzeige"
497,1791-10-31,"Gotter, Friedrich Wilhelm: Die Geisterinsel"
497,1791-10-31,"Pope, Alexander: Eloisa to Abelard"
497,1791-10-31,"Schiller, Friedrich: Verteidigung des Rezensenten gegen obige Antikritik (von Gottfried August Bürger)"
497,1791-10-31,"Schiller, Friedrich: Über Bürgers Gedichte (Rezension)"
497,1791-10-31,"Shakespeare, William: Ein Sommernachtstraum [Ü: August Wilhelm von Schlegel]"
497,1791-10-31,"Shakespeare, William: The Tempest"
498,1791-11-19,"Bouterwek, Friedrich: Graf Donamar. Briefe, geschrieben zur Zeit des siebenjährigen Krieges in Deutschland"
498,1791-11-19,"Bürger, Gottfried August: Vorläufige Antikritik und Anzeige"
498,1791-11-19,"Eschenburg, Johann Joachim: Beispielsammlung zur Theorie und Literatur der schönen Wissenschaften"
498,1791-11-19,"Gerstenberg, Heinrich Wilhelm von: Ariadne auf Naxos"
498,1791-11-19,"Petrarca, Francesco: Ahndung von Laura’s Tode [Ü: August Wilhelm von Schlegel]"
498,1791-11-19,"Petrarca, Francesco: Die selige Zeit [Ü: August Wilhelm von Schlegel]"
498,1791-11-19,"Petrarca, Francesco: So war sie [Ü: August Wilhelm von Schlegel]"
498,1791-11-19,"Schiller, Friedrich: Verteidigung des Rezensenten gegen obige Antikritik (von Gottfried August Bürger)"
498,1791-11-19,"Schlegel, August Wilhelm von: An die Rhapsodinn"
498,1791-11-19,"Schlegel, August Wilhelm von: An einen Kunstrichter"
498,1791-11-19,"Schlegel, August Wilhelm von: Ariadne"
498,1791-11-19,"Schlegel, August Wilhelm von: Aus dem Gefängniß "
498,1791-11-19,"Schlegel, August Wilhelm von: Die Erhörung"
498,1791-11-19,"Schlegel, August Wilhelm von: Die verlorne Unschuld"
498,1791-11-19,"Schlegel, August Wilhelm von: Erzürnte Liebe"
858,1790-01-15,Lines written on the death of Lieutenant Schlegel
859,1790-08-09,"Babo, Joseph Marius von: Otto von Wittelsbach Pfalzgraf in Bayern"
861,1791-05-21,"Alxinger, Johann Baptist von: Bliomberis"
862,1791-07-02,"Alxinger, Johann Baptist von: Bliomberis"
863,1791-09-04,"Bouterwek, Friedrich: Gedichte"
864,1791-09-05,"Dante, Alighieri: Divina commedia"
864,1791-09-05,"Schlegel, August Wilhelm von: Dante. Über die göttliche Komödie"
910,1797-12-25,Bibel
910,1797-12-25,"Goethe, Johann Wolfgang von: Wilhelm Meisters Lehrjahre"
910,1797-12-25,"Schlegel, August Wilhelm von: Herder, Johann Gottfried von: Terpsichore (Rezension)"
911,1798-01-13,Aeschylus: Tragoediae [Ü: Christian Gottfried Schütz]
911,1798-01-13,Aristophanes: Die Ritter [Ü: Christoph Martin Wieland]
911,1798-01-13,Aristophanes: Die Wolken [Ü: Christoph Martin Wieland]
911,1798-01-13,"Benkowitz, Karl Friedrich: Der Messias von Klopstok, ästhetisch beurtheilt und verglichen mit der Iliade, der Aeneide und dem verlornen Paradiese "
911,1798-01-13,Bibel
911,1798-01-13,"Grohmann, Johann Christian August: Ästhetische Beurtheilung des Klopstockischen Messias"
911,1798-01-13,"Klopstock, Friedrich Gottlieb: Messias"
911,1798-01-13,"Schlegel, August Wilhelm von: Grohmann, Johann Christian August: Ästhetische Beurtheilung des Klopstockischen Messias; Benkowitz, Karl Friedrich: Der Messias von Klopstock, ästhetisch beurtheilt und verglichen mit [...] (Rezension)"
911,1798-01-13,"Shakespeare, William: Dramatische Werke [Ü: August Wilhelm von Schlegel]"
911,1798-01-13,"Shakespeare, William: Dramatische Werke. Dritter Theil [Ü: August Wilhelm von Schlegel]"
911,1798-01-13,"Shakespeare, William: Dramatische Werke. Zweyter Theil [Ü: August Wilhelm von Schlegel]"
912,no_date,"Goethe, Johann Wolfgang von: Hermann und Dorothea"
912,no_date,"Shakespeare, William: Dramatische Werke. Dritter Theil [Ü: August Wilhelm von Schlegel]"
912,no_date,"Shakespeare, William: Dramatische Werke. Erster Theil [Ü: August Wilhelm von Schlegel]"
912,no_date,"Shakespeare, William: Dramatische Werke. Zweyter Theil [Ü: August Wilhelm von Schlegel]"
913,1798-04-27,"Alxinger, Johann Baptist von: Doolin von Maynz"
913,1798-04-27,"Shakespeare, William: Dramatische Werke [Ü: August Wilhelm von Schlegel]"
914,1798-06-24,"Benkowitz, Karl Friedrich: Der Messias von Klopstok, ästhetisch beurtheilt und verglichen mit der Iliade, der Aeneide und dem verlornen Paradiese "
914,1798-06-24,"Goethe, Johann Wolfgang von: Hermann und Dorothea"
914,1798-06-24,"Grohmann, Johann Christian August: Ästhetische Beurtheilung des Klopstockischen Messias"
914,1798-06-24,"Klopstock, Friedrich Gottlieb: Messias"
914,1798-06-24,"Percy, Thomas: The Reliques of Ancient English Poetry"
914,1798-06-24,"Schlegel, August Wilhelm von: Goethe, Johann Wolfgang von: Hermann und Dorothea (Rezension)"
914,1798-06-24,"Schlegel, August Wilhelm von: Grohmann, Johann Christian August: Ästhetische Beurtheilung des Klopstockischen Messias; Benkowitz, Karl Friedrich: Der Messias von Klopstock, ästhetisch beurtheilt und verglichen mit [...] (Rezension)"
914,1798-06-24,"Warton, Thomas: The History of English Poetry"
915,1798-07-01,Aeschylus: Tragoediae [Ü: Christian Gottfried Schütz]
915,1798-07-01,"Aristophanes: Comoediae, auctoritate libri praeclarissimi saeculi decimi emendatae a Philippo Invernizio, iurisconsulto romano"
915,1798-07-01,"Fichte, Johann Gottlieb: Die Wissenschaftslehre"
915,1798-07-01,"Gotter, Friedrich Wilhelm: Die Geisterinsel"
915,1798-07-01,"Gotter, Friedrich Wilhelm: Die Geisterinsel"
915,1798-07-01,Plutarchus: Chaeronensis quae supersunt omnia
915,1798-07-01,"Schlegel, August Wilhelm von: Almanach des Muses, pour lʼan V (Rezension)"
915,1798-07-01,"Schlegel, August Wilhelm von: Am Tage der Huldigung"
915,1798-07-01,"Schlegel, August Wilhelm von: Rezensionen"
915,1798-07-01,"Schlegel, Friedrich von: Geschichte der Poesie der Griechen und Römer"
915,1798-07-01,Sophocles: Tragoediae septem ad optimorum exemplarium fidem emendatae cum versione et notis ex editione Richard Franz Philipp Brunck
1330,no_date,"Cervantes Saavedra, Miguel de: Don Quijote"
1330,no_date,"Cervantes Saavedra, Miguel de: Leben und Thaten des scharfsinnigen Edlen Don Quixote von La Mancha [Ü: Ludwig Tieck]"
1330,no_date,"Schlegel, August Wilhelm von: Tieck, Ludwig: Volksmährchen von Peter Leberecht (Rezension)"
1330,no_date,"Shakespeare, William: Dramen"
1330,no_date,"Shakespeare, William: Hamlet"
1330,no_date,"Shakespeare, William: Hamlet, Prinz von Dänemark [Ü: August Wilhelm von Schlegel]"
1330,no_date,"Shakespeare, William: The Tempest"
1330,no_date,"Tieck, Ludwig: Der blonde Eckbert"
1330,no_date,"Tieck, Ludwig: Ritter Blaubart"
1330,no_date,"Tieck, Ludwig: Romantische Dichtungen"
1330,no_date,"Tieck, Ludwig: Volksmährchen von Peter Leberecht"
1331,no_date,"Cervantes Saavedra, Miguel de: Don Quijote"
1331,no_date,"Cervantes Saavedra, Miguel de: Leben und Thaten des scharfsinnigen Edlen Don Quixote von La Mancha [Ü: Ludwig Tieck]"
1331,no_date,"Goethe, Johann Wolfgang von: Das Märchen "
1331,no_date,"Goethe, Johann Wolfgang von: Hermann und Dorothea"
1331,no_date,"Goethe, Johann Wolfgang von: Wilhelm Meisters Lehrjahre"
1331,no_date,"Schlegel, August Wilhelm von: Arion"
1331,no_date,"Schlegel, August Wilhelm von: Cervantes Saavedra, Miguel de: Leben und Thaten des scharfsinnigen Edlen Don Quixote von La Mancha [Ü: Ludwig Tieck] (Rezension)"
1331,no_date,"Schlegel, August Wilhelm von: Die entführten Götter"
1331,no_date,"Schlegel, August Wilhelm von: Gesang und Kuß"
1331,no_date,"Schlegel, August Wilhelm von: Goethe, Johann Wolfgang von: Hermann und Dorothea (Rezension)"
1331,no_date,"Schlegel, August Wilhelm von: Prometheus"
1331,no_date,"Schlegel, August Wilhelm von: Szenen aus Shakespeare"
1331,no_date,"Schlegel, August Wilhelm von: Ueber Shakespeareʼs Romeo und Julia"
1331,no_date,"Schlegel, August Wilhelm von: Zueignung des Trauerspiels Romeo und Julia"
1331,no_date,"Shakespeare, William: Dramatische Werke. Zweyter Theil [Ü: August Wilhelm von Schlegel]"
1331,no_date,"Shakespeare, William: Romeo and Juliet"
1331,no_date,"Shakespeare, William: The Plays"
1331,no_date,"Shakespeare, William: Twelfth Night, or What You Will"
1331,no_date,"Shakespeare, William: Was ihr wollt [Ü: August Wilhelm von Schlegel]"
1331,no_date,"Tieck, Ludwig: Briefe über Shakespeare"
1331,no_date,"Tieck, Ludwig: Der Sturm "
1331,no_date,"Tieck, Ludwig: Der blonde Eckbert"
1331,no_date,"Tieck, Ludwig: Ein Prolog"
1331,no_date,"Tieck, Ludwig: Geschichte des Herrn William Lovell"
1331,no_date,"Tieck, Ludwig: Karl von Berneck"
1331,no_date,"Tieck, Ludwig: Volksmährchen von Peter Leberecht"
1331,no_date,"Tieck, Ludwig: Wundersame Liebesgeschichte der schönen Magelone und des Grafen Peter von Provence"
1332,no_date,"Cervantes Saavedra, Miguel de: Don Quijote"
1332,no_date,"Cervantes Saavedra, Miguel de: Don Quijote [Ü: Friedrich Justin Bertuch]"
1332,no_date,"Cervantes Saavedra, Miguel de: Leben und Thaten des scharfsinnigen Edlen Don Quixote von La Mancha [Ü: Ludwig Tieck]"
1332,no_date,"Mozart, Wolfgang Amadeus: Die Zauberflöte"
1332,no_date,"Schlegel, August Wilhelm von: Arion"
1332,no_date,"Schlegel, August Wilhelm von: Die entführten Götter"
1332,no_date,"Schlegel, August Wilhelm von: Gesang und Kuß"
1332,no_date,"Schlegel, August Wilhelm von: Prometheus"
1332,no_date,"Schlegel, August Wilhelm von: Tieck, Ludwig: Der Sturm. Ein Schauspiel von Shakspear (Shakespeare, William), für das Theater bearbeitet; Über Shakespeares Behandlung des Wunderbaren (Rezension)"
1332,no_date,"Schlegel, August Wilhelm von: Ueber Shakespeareʼs Romeo und Julia"
1332,no_date,"Schlegel, August Wilhelm von: Zueignung des Trauerspiels Romeo und Julia"
1332,no_date,"Schlegel, Friedrich von: Die Griechen und Römer"
1332,no_date,"Schlegel, Friedrich von: Lyceums-Fragmente"
1332,no_date,"Shakespeare, William: Dramatische Werke [Ü: August Wilhelm von Schlegel]"
1332,no_date,"Shakespeare, William: Dramatische Werke. Dritter Theil [Ü: August Wilhelm von Schlegel]"
1332,no_date,"Shakespeare, William: Dramatische Werke. Erster Theil [Ü: August Wilhelm von Schlegel]"
1332,no_date,"Shakespeare, William: Dramatische Werke. Zweyter Theil [Ü: August Wilhelm von Schlegel]"
1332,no_date,"Shakespeare, William: Romeo and Juliet"
1332,no_date,"Shakespeare, William: The Tempest"
1332,no_date,"Tieck, Ludwig: Briefe über Shakespeare"
1332,no_date,"Tieck, Ludwig: Der Sturm "
1332,no_date,"Tieck, Ludwig: Der gestiefelte Kater"
1332,no_date,"Tieck, Ludwig: Geschichte des Herrn William Lovell"
1332,no_date,"Tieck, Ludwig: Karl von Berneck"
1332,no_date,"Tieck, Ludwig: Ritter Blaubart"
1332,no_date,"Tieck, Ludwig: Romantische Dichtungen"
1332,no_date,"Tieck, Ludwig: Schlegel, August Wilhelm von: Shakespeare, William: Dramatische Werke [Ü: August Wilhelm von Schlegel] (Rezension) (erschienen?)"
1332,no_date,"Tieck, Ludwig: Skakespeareʼs Behandlung des Wunderbaren"
1332,no_date,"Tieck, Ludwig: Volksmährchen von Peter Leberecht"
1333,no_date,Anonymus: A Yorkshire Tragedy (Thomas Middleton zugeschrieben; zeitweise William Shakespeare zugeschrieben)
1333,no_date,Anonymus: The London Prodigal (u.a. William Shakespeare zugeschrieben)
1333,no_date,"Anonymus: The Puritan, or the Widow of Watling Street (Thomas Middleton, John Marston oder William Shakespeare zugeschrieben)"
1333,no_date,"Cervantes Saavedra, Miguel de: Don Quijote"
1333,no_date,"Cervantes Saavedra, Miguel de: Leben und Thaten des scharfsinnigen Edlen Don Quixote von La Mancha [Ü: Ludwig Tieck]"
1333,no_date,"Goethe, Johann Wolfgang von: Hermann und Dorothea"
1333,no_date,"Schlegel, August Wilhelm von: Cervantes Saavedra, Miguel de: Leben und Thaten des scharfsinnigen Edlen Don Quixote von La Mancha [Ü: Ludwig Tieck] (Rezension)"
1333,no_date,"Schlegel, August Wilhelm von: Goethe, Johann Wolfgang von: Hermann und Dorothea (Rezension)"
1333,no_date,"Shakespeare, William: Allʼs Well that Ends Well"
1333,no_date,"Shakespeare, William: Measure for Measure"
1333,no_date,"Shakespeare, William: The Lamentable Tragedy of Locrine"
1333,no_date,"Vega Carpio, Lope Félix de: Castelvines y Monteses"
1334,1798-01-09,Anonymus: A Yorkshire Tragedy (Thomas Middleton zugeschrieben; zeitweise William Shakespeare zugeschrieben)
1334,1798-01-09,Anonymus: The London Prodigal (u.a. William Shakespeare zugeschrieben)
1334,1798-01-09,Anonymus: The Merry Devil of Edmonton (zeitweise William Shakespeare zugeschrieben)
1334,1798-01-09,Anonymus: The True Cronical Historie of The Whole Life and Death of Thomas Lord Cromwell
1334,1798-01-09,"Dodsley, Robert (Hg.): A Select Collection of Old Plays"
1334,1798-01-09,"Fletcher, John: Faithful Shepherdess"
1334,1798-01-09,"Kyd, Thomas: The Spanish Tragedy "
1334,1798-01-09,"Shakespeare, William: A Midsummer Nightʼs Dream"
1334,1798-01-09,"Shakespeare, William: King Lear"
1334,1798-01-09,"Shakespeare, William: Macbeth"
1334,1798-01-09,"Shakespeare, William: Pericles, Prince of Tyre"
1334,1798-01-09,"Shakespeare, William: Romeo and Juliet"
1334,1798-01-09,"Shakespeare, William: The Lamentable Tragedy of Locrine"
1334,1798-01-09,"Shakespeare, William: The Merry Wives of Windsor"
1334,1798-01-09,"Shakespeare, William: Titus Andronicus"
1334,1798-01-09,"Tieck, Ludwig: Romantische Dichtungen"
1334,1798-01-09,"Tomkins, Thomas: Lingua"
1334,1798-01-09,"Vega Carpio, Lope Félix de: Castelvines y Monteses"
2096,no_date,"Schlegel, August Wilhelm von: Arion"
2096,no_date,"Schlegel, August Wilhelm von: Die entführten Götter"
2096,no_date,"Schlegel, August Wilhelm von: Prometheus"
2096,no_date,"Schlegel, August Wilhelm von: Ueber Shakespeareʼs Romeo und Julia"
2096,no_date,"Schlegel, August Wilhelm von: Zueignung des Trauerspiels Romeo und Julia"
2157,1791-05-18,Bibel
2157,1791-05-18,"Goethe, Johann Wolfgang von: Faust, 1"
2157,1791-05-18,"Schlegel, August Wilhelm von: Abendlied an die Entfernte"
2157,1791-05-18,"Schlegel, August Wilhelm von: Der letzte Wunsch"
2157,1791-05-18,"Schlegel, August Wilhelm von: Entsagung und Treue"
2158,1791-06-04,"Goethe, Johann Wolfgang von: An Schwager Kronos"
2158,1791-06-04,"Goethe, Johann Wolfgang von: Prometheus"
2158,1791-06-04,"Herder, Johann Gottfried von: Plastik"
2159,1791-07-21,"Bouterwek, Friedrich: Briefe an Theokles "
2159,1791-07-21,"Bouterwek, Friedrich: Graf Donamar. Briefe, geschrieben zur Zeit des siebenjährigen Krieges in Deutschland"
2159,1791-07-21,"Dante, Alighieri: Divina commedia"
2159,1791-07-21,"Fleming, Paul: Herrn Pauli Flemingi der Med. Doct. Grabschrift, so er ihm selbst gemacht in Hamburg, den XXXIIXX. Tag des Merzen MDXL auf seinem Todbette, drei Tage vor seinem seligen Absterben"
2159,1791-07-21,"Goethe, Johann Wolfgang von: An Schwager Kronos"
2159,1791-07-21,"Heydenreich, Karl Heinrich: System der Ästhetik"
2159,1791-07-21,"Klinger, Friedrich Maximilian von: Der Derwisch"
2159,1791-07-21,"Klinger, Friedrich Maximilian von: Der verbannte Göttersohn"
2159,1791-07-21,"Klinger, Friedrich Maximilian von: Die neue Arria"
2159,1791-07-21,"Klinger, Friedrich Maximilian von: Medea"
2159,1791-07-21,"Klinger, Friedrich Maximilian von: Schauspiele"
2159,1791-07-21,"Schlegel, August Wilhelm von: Abendlied an die Entfernte"
2159,1791-07-21,"Schlegel, August Wilhelm von: An einen Kunstrichter"
2159,1791-07-21,"Schlegel, August Wilhelm von: Der letzte Wunsch"
2159,1791-07-21,"Schlegel, August Wilhelm von: Entsagung und Treue"
2159,1791-07-21,"Schlegel, August Wilhelm von: Über den Adel des Atheismus"
2159,1791-07-21,"Thümmel, Moritz August von: Reisen in die mittäglichen Provinzen von Frankreich im Jahre 1785–1786"
2160,1791-08-26,"Bach, Johann August: Historia Jurisprudentiae Romanae"
2160,1791-08-26,"Burke, Edmund: Reflections on the Revolution in France"
2160,1791-08-26,"Dante, Alighieri: Divina commedia"
2160,1791-08-26,"Fergusson, Robert: History of the Progress ant the Termination of the Roman Republic"
2160,1791-08-26,"Forster, Georg: Szenen aus dem Sacontala, oder dem unglücklichen Ring, einem indischen, 2000 Jahre alten Drama"
2160,1791-08-26,"Girtanner, Christoph: Historische Nachrichten und politische Betrachtungen über die französische Revolution "
2160,1791-08-26,"Goethe, Johann Wolfgang von: An Schwager Kronos"
2160,1791-08-26,"Goethe, Johann Wolfgang von: Prometheus"
2160,1791-08-26,"Heinecke, Johann Gottlieb: Antiquitates romanas jurisprudentiam illustrantes"
2160,1791-08-26,"Heinecke, Johann Gottlieb: Institutiones"
2160,1791-08-26,"Herder, Johann Gottfried von: Ideen zur Philosophie der Geschichte der Menschheit"
2160,1791-08-26,"Höpfner, Ludwig Julius Friedrich: Heineccii institutiones"
2160,1791-08-26,"Middleton, Conyers: The History of the Life of M. Tullius Cicero"
2160,1791-08-26,"Montesquieu, Charles Louis de Secondat de: Considérations sur les causes de la grandeur des Romains et de leur décadence"
2160,1791-08-26,"Moritz, Karl Philipp: Anthusa oder Roms Alterthümer"
2160,1791-08-26,"Moritz, Karl Philipp: Götterlehre oder mythologische Dichtungen der Alten"
2160,1791-08-26,"Müller, Friedrich August: Alfonso"
2160,1791-08-26,"Müller, Friedrich August: Richard Löwenherz"
2160,1791-08-26,"Schlegel, August Wilhelm von: Dante. Über die göttliche Komödie"
2160,1791-08-26,"Schlegel, August Wilhelm von: Die Priesterin der Trümmer"
2160,1791-08-26,"Schlegel, August Wilhelm von: Gedichte"
2160,1791-08-26,"Schulting, Anton: Jurisprudentia Vetus Ante-Justinianea"
2160,1791-08-26,Voltaire: (Kleine philosophische Schriften)
2160,1791-08-26,"Voltaire: Mémoires pour servir à la vie de M. de Voltaire, écrits par lui-même"
2162,1791-10-04,"Alxinger, Johann Baptist von: Bliomberis"
2162,1791-10-04,Chevy Chase
2162,1791-10-04,"Constant, Samuel de: Camille oder Briefe zweyer Mädchen aus unserm Zeitalter [Ü: Johann Friedrich Jünger]"
2162,1791-10-04,"Dante, Alighieri: Divina commedia"
2162,1791-10-04,"Gotter, Friedrich Wilhelm: Gedichte"
2162,1791-10-04,"Hartmann, von Aue: Iwein"
2162,1791-10-04,"Matthisson, Friedrich von: Gedichte"
2162,1791-10-04,"Schlegel, August Wilhelm von: Dante. Über die göttliche Komödie"
2162,1791-10-04,"Schlegel, August Wilhelm von: Vorlesungen über schöne Literatur und Kunst (Berlin 1801–1804)"
2162,1791-10-04,"Schlegel, Friedrich von: Geschichte der Poesie der Griechen und Römer"
2162,1791-10-04,"Schlegel, Friedrich von: Gespräch über die Poesie"
2162,1791-10-04,"Shakespeare, William: Historiendramen"
2162,1791-10-04,"Wieland, Christoph Martin: Geheime Geschichte des Philosophen Peregrinus Proteus "
2162,1791-10-04,"Wieland, Christoph Martin: Geschichte des Agathon"
2162,1791-10-04,"Wieland, Christoph Martin: Neue Göttergespräche"
2163,no_date,"Schiller, Friedrich: Über Bürgers Gedichte (Rezension)"
2163,no_date,"Schlegel, Johann Carl Fürchtegott: (Aufsatz gegen Schillers Rezension „Ueber Bürgers Gedichte“)"
2163,no_date,"Spittler, Ludwig Timotheus von: Geschichte Württembergs unter der Regierung der Grafen und Herzoge"
2164,1791-11-08,"Bouterwek, Friedrich: Graf Donamar. Briefe, geschrieben zur Zeit des siebenjährigen Krieges in Deutschland"
2164,1791-11-08,"Goethe, Johann Wolfgang von: Faust, 1"
2164,1791-11-08,"Klopstock, Friedrich Gottlieb: Gedichte"
2164,1791-11-08,"Schlegel, Friedrich von: Gespräch über die Poesie"
2164,1791-11-08,"Schlegel, Friedrich von: Über das Studium der griechischen Poesie"
2164,1791-11-08,"Shakespeare, William: Hamlet"
2166,no_date,Novalis: (Auch ich bin in Arkadien gebohren)
2166,no_date,Novalis: (Freudigstaunend ehrt der Priester)
2166,no_date,"Novalis: (Oft schon hört ich, wenn im Dichterlande)"
2166,no_date,Novalis: (Zarte Schwingungen umbeben leise)
2166,no_date,Novalis: An Herrn Schlegel
2166,no_date,Novalis: Klagen eines Jünglings
2166,no_date,"Schlegel, August Wilhelm von: Gedichte"
2167,1792-02-11,"Dante, Alighieri: Divina commedia"
2167,1792-02-11,"Dante, Alighieri: Divina commedia [Ü: August Wilhelm von Schlegel] (Teilübersetzung)"
2167,1792-02-11,"Goethe, Johann Wolfgang von: Faust, 1"
2167,1792-02-11,Hohelied
2167,1792-02-11,"Klinger, Friedrich Maximilian von: Fausts Leben, Thaten und Höllenfahrt"
2167,1792-02-11,"Lips, Johann Heinrich: Bildnis von Johann Wolfgang von Goethe "
2167,1792-02-11,Novalis: (Auch ich bin in Arkadien gebohren)
2167,1792-02-11,Novalis: (Freudigstaunend ehrt der Priester)
2167,1792-02-11,"Novalis: (Oft schon hört ich, wenn im Dichterlande)"
2167,1792-02-11,Novalis: (Zarte Schwingungen umbeben leise)
2167,1792-02-11,Novalis: An Herrn Schlegel
2167,1792-02-11,"Schiller, Friedrich: Die Zerstörung von Troja"
2167,1792-02-11,"Schiller, Friedrich: Über den Grund des Vergnügens an tragischen Gegenständen"
2167,1792-02-11,"Schlegel, August Wilhelm von: An einen Kunstrichter"
2167,1792-02-11,"Schlegel, August Wilhelm von: Cleopatra (Werkplan)"
2167,1792-02-11,"Schlegel, August Wilhelm von: Dante. Über die göttliche Komödie"
2167,1792-02-11,"Schlegel, August Wilhelm von: Dantes Leben und Werke"
2167,1792-02-11,"Schlegel, August Wilhelm von: Schiller, Friedrich: Die Künstler (Rezension)"
2167,1792-02-11,"Schlegel, August Wilhelm von: Ueber Bürgers hohes Lied (Rezension)"
2167,1792-02-11,"Schlegel, August Wilhelm von: Ugolino"
2167,1792-02-11,"Schlegel, August Wilhelm von: Über den Adel des Atheismus"
2167,1792-02-11,"Schlegel, Friedrich von: Geschichte der Poesie der Griechen und Römer"
2167,1792-02-11,"Wezel, Johann Carl: Hermann und Ulrike"
2168,1792-04-13,"Dante, Alighieri: Divina commedia [Ü: August Wilhelm von Schlegel] (Teilübersetzung)"
2168,1792-04-13,"Goethe, Johann Wolfgang von: Der Groß-Cophta"
2168,1792-04-13,"Klinger, Friedrich Maximilian von: Fausts Leben, Thaten und Höllenfahrt"
2168,1792-04-13,"Schlegel, August Wilhelm von: Dantes Leben und Werke"
2168,1792-04-13,"Stolberg-Stolberg, Christian zu: Werke"
2169,1792-05-17,"Schlegel, August Wilhelm von: Dante. Über die göttliche Komödie"
2170,1792-07-04,"Bouterwek, Friedrich: Graf Donamar. Briefe, geschrieben zur Zeit des siebenjährigen Krieges in Deutschland"
2170,1792-07-04,"Dante, Alighieri: Divina commedia"
2170,1792-07-04,"Herder, Johann Gottfried von: Zerstreute Blätter"
2170,1792-07-04,"Jacobi, Friedrich Heinrich: Eduard Allwills Briefsammlung"
2170,1792-07-04,Kālidāsa: Abhijñānaśākuntala
2170,1792-07-04,"Schiller, Friedrich: Über den Grund des Vergnügens an tragischen Gegenständen"
2170,1792-07-04,"Schiller, Friedrich: Über die tragische Kunst"
2170,1792-07-04,"Schlegel, August Wilhelm von: Auf die Arme der Geliebten"
2170,1792-07-04,"Schlegel, August Wilhelm von: Gesang und Kuß"
2599,1800-06-01,"Schlegel, August Wilhelm von: Gedichte"
2687,1798-06-03,"Goethe, Johann Wolfgang von: Der Zauberlehrling"
2687,1798-06-03,"Vulpius, Christian August: Theatralische Abenteuer"
2687,1798-06-03,"Zelter, Carl Friedrich: Goethe, Johann Wolfgang von: An dem reinsten Frühlingsmorgen (Vertonung)"
2687,1798-06-03,"Zelter, Carl Friedrich: Goethe, Johann Wolfgang von: Der Zauberlehrling (Vertonung)"
2756,no_date,"Böttiger, Carl August: Entwickelung des Ifflandschen Spiels in vierzehn Darstellungen"
2756,no_date,"Goethe, Johann Wolfgang von: Hermann und Dorothea"
2756,no_date,"Goethe, Johann Wolfgang von: Wilhelm Meisters Lehrjahre"
2756,no_date,"Klopstock, Friedrich Gottlieb: Grammatische Gespräche"
2756,no_date,"Schlegel, August Wilhelm von: Beiträge zur Kritik der neuesten Literatur"
2756,no_date,"Schlegel, August Wilhelm von: Die Sprachen"
2756,no_date,"Schlegel, August Wilhelm von: Goethe, Johann Wolfgang von: Hermann und Dorothea (Rezension)"
2756,no_date,"Schlegel, August Wilhelm von; Schlegel, Friedrich von; Schleiermacher, Friedrich; Bernhardi, August Ferdinand; Bernhardi, Sophie: Notizen"
2756,no_date,"Schlegel, Friedrich von: Athenaeums-Fragmente"
2756,no_date,"Schlegel, Friedrich von: Historische Ansichten der Philosophie"
2756,no_date,"Schlegel, Friedrich von: Über Goethes Meister"
2757,1797-12-18,"Goethe, Johann Wolfgang von: Gedichte"
2757,1797-12-18,"Goethe, Johann Wolfgang von: Hermann und Dorothea"
2757,1797-12-18,"Goethe, Johann Wolfgang von: Wilhelm Meisters Lehrjahre"
2757,1797-12-18,"Jacobi, Friedrich Heinrich: Woldemar, eine Seltenheit aus der Naturgeschichte"
2757,1797-12-18,"Jean Paul: Blumen-, Frucht- und Dornenstücke oder Ehestand, Tod und Hochzeit des Armenadvokaten F. St. Siebenkäs im Reichsmarktflecken Kuhschnappel"
2757,1797-12-18,"Kant, Immanuel: Metaphysik der Sitten"
2757,1797-12-18,"Klopstock, Friedrich Gottlieb: Grammatische Gespräche"
2757,1797-12-18,"Schlegel, August Wilhelm von: Beiträge zur Kritik der neuesten Literatur"
2757,1797-12-18,"Schlegel, August Wilhelm von: Die Sprachen"
2757,1797-12-18,"Schlegel, August Wilhelm von: Goethe, Johann Wolfgang von: Hermann und Dorothea (Rezension)"
2757,1797-12-18,"Schlegel, August Wilhelm von; Schlegel, Friedrich von: Athenaeums-Fragmente"
2757,1797-12-18,"Schlegel, Friedrich von: Athenaeums-Fragment Nr. 383"
2757,1797-12-18,"Schlegel, Friedrich von: Athenaeums-Fragment Nr. 418 "
2757,1797-12-18,"Schlegel, Friedrich von: Athenaeums-Fragment Nr. 421"
2757,1797-12-18,"Schlegel, Friedrich von: Historische Ansichten der Philosophie"
2757,1797-12-18,"Schlegel, Friedrich von: Jacobi, Friedrich Heinrich: Jacobis Woldemar (Rezension)"
2757,1797-12-18,"Schlegel, Friedrich von: Über Goethes Meister"
2757,1797-12-18,"Schlegel, Friedrich von: Über das Studium der griechischen Poesie"
2757,1797-12-18,"Tieck, Ludwig: Franz Sternbalds Wanderungen"
2757,1797-12-18,"Tieck, Ludwig: Geschichte des Herrn William Lovell"
2757,1797-12-18,"Tieck, Ludwig: Volksmährchen von Peter Leberecht"
2757,1797-12-18,"Unger, Friederike Helene: Julchen Grünthal"
2758,no_date,"Cervantes Saavedra, Miguel de: Don Quijote"
2758,no_date,"Cervantes Saavedra, Miguel de: Leben und Thaten des scharfsinnigen Edlen Don Quixote von La Mancha [Ü: Ludwig Tieck]"
2758,no_date,"Fichte, Johann Gottlieb: Das System der Sittenlehre, nach den Prinzipien der Wissenschaftslehre"
2758,no_date,"Goethe, Johann Wolfgang von: Hermann und Dorothea"
2758,no_date,"Goethe, Johann Wolfgang von: Wilhelm Meisters Lehrjahre"
2758,no_date,"Hemsterhuis, Frans: Alexis, oder vom goldnen Weltalter [Ü: Friedrich Heinrich Jacobi]"
2758,no_date,"Hemsterhuis, Frans: Alexis, oder vom goldnen Weltalter, ein Gespräch"
2758,no_date,"Hülsen, August Ludwig: Prüfung der von der Akademie der Wissenschaften zu Berlin aufgestellten Preisaufgabe"
2758,no_date,"Jean Paul: Blumen-, Frucht- und Dornenstücke oder Ehestand, Tod und Hochzeit des Armenadvokaten F. St. Siebenkäs im Reichsmarktflecken Kuhschnappel"
2758,no_date,"Kant, Immanuel: Sämmtliche kleine Schriften"
2758,no_date,"Müller, Johannes von: Die Geschichten schweizerischer Eidgenossenschaft"
2758,no_date,"Schlegel, August Wilhelm von: Goethe, Johann Wolfgang von: Hermann und Dorothea (Rezension)"
2758,no_date,"Schlegel, Friedrich von: Athenaeums-Fragment Nr. 125"
2758,no_date,"Schlegel, Friedrich von: Athenaeums-Fragment Nr. 383"
2758,no_date,"Schlegel, Friedrich von: Athenaeums-Fragmente"
2758,no_date,"Schlegel, Friedrich von: Geschichte der Poesie der Griechen und Römer"
2758,no_date,"Schlegel, Friedrich von: Historische Ansichten der Philosophie"
2758,no_date,"Schlegel, Friedrich von: Über Goethes Meister"
2758,no_date,"Schlegel, Friedrich von: Über Lessing"
2758,no_date,"Shakespeare, William: Dramatische Werke. Dritter Theil [Ü: August Wilhelm von Schlegel]"
2758,no_date,"Wolzogen, Karoline von: Agnes von Lilien"
2759,1798-01-15,"Cervantes Saavedra, Miguel de: Don Quijote"
2759,1798-01-15,"Cervantes Saavedra, Miguel de: Leben und Thaten des scharfsinnigen Edlen Don Quixote von La Mancha [Ü: Ludwig Tieck]"
2759,1798-01-15,"Goethe, Johann Wolfgang von: Das Neueste von Plundersweilern"
2759,1798-01-15,"Jean Paul: Blumen-, Frucht- und Dornenstücke oder Ehestand, Tod und Hochzeit des Armenadvokaten F. St. Siebenkäs im Reichsmarktflecken Kuhschnappel"
2759,1798-01-15,Jean Paul: Die unsichtbare Loge
2759,1798-01-15,Jean Paul: Hesperus
2759,1798-01-15,Jean Paul: Leben des Quintus Fixlein
2759,1798-01-15,"Klopstock, Friedrich Gottlieb: Grammatische Gespräche"
2759,1798-01-15,"Reichardt, Johann Friedrich: Briefe eines aufmerksamen Reisenden die Musik betreffend"
2759,1798-01-15,"Schiller, Friedrich: Die Räuber"
2759,1798-01-15,"Schiller, Friedrich: Reiterlied"
2759,1798-01-15,"Schlegel, August Wilhelm von: Athenaeums-Fragment Nr. 273"
2759,1798-01-15,"Schlegel, August Wilhelm von: Athenaeums-Fragmente"
2759,1798-01-15,"Schlegel, August Wilhelm von: Beiträge zur Kritik der neuesten Literatur"
2759,1798-01-15,"Schlegel, August Wilhelm von: Die Sprachen"
2759,1798-01-15,"Schlegel, August Wilhelm von; Schlegel, Friedrich von: Athenaeums-Fragmente"
2759,1798-01-15,"Schlegel, Friedrich von: Athenaeums-Fragment Nr. 383"
2759,1798-01-15,"Schlegel, Friedrich von: Athenaeums-Fragment Nr. 421"
2759,1798-01-15,"Schlegel, Friedrich von: Athenaeums-Fragmente"
2759,1798-01-15,"Schlegel, Friedrich von: Historische Ansichten der Philosophie"
2759,1798-01-15,"Schlegel, Friedrich von: Über Goethes Meister"
2759,1798-01-15,"Schlegel, Friedrich von: Über Lessing"
2759,1798-01-15,"Wolzogen, Karoline von: Agnes von Lilien"
2760,no_date,"Klopstock, Friedrich Gottlieb: Grammatische Gespräche"
2760,no_date,"Schlegel, August Wilhelm von: Athenaeums-Fragment Nr. 260 "
2760,no_date,"Schlegel, August Wilhelm von: Athenaeums-Fragmente"
2760,no_date,"Schlegel, August Wilhelm von: Beiträge zur Kritik der neuesten Literatur"
2760,no_date,"Schlegel, August Wilhelm von: Die Sprachen"
2760,no_date,"Schlegel, August Wilhelm von; Schlegel, Friedrich von: Athenaeums-Fragmente"
2760,no_date,"Schlegel, Friedrich von: Athenaeums-Fragmente"
2760,no_date,"Schlegel, Friedrich von: Historische Ansichten der Philosophie"
2760,no_date,"Schlegel, Friedrich von: Lyceums-Fragmente"
2760,no_date,"Schlegel, Friedrich von: Über Goethes Meister"
2760,no_date,"Schlegel, Friedrich von: Über Lessing"
2760,no_date,"Shakespeare, William: Der Sturm [Ü: August Wilhelm von Schlegel]"
2760,no_date,"Shakespeare, William: Dramatische Werke. Dritter Theil [Ü: August Wilhelm von Schlegel]"
2760,no_date,"Shakespeare, William: Ein Sommernachtstraum [Ü: August Wilhelm von Schlegel]"
2760,no_date,"Shakespeare, William: The Tempest"
2760,no_date,"Shakespeare, William: Was ihr wollt [Ü: August Wilhelm von Schlegel]"
2761,no_date,"Goethe, Johann Wolfgang von: Die Braut von Korinth"
2761,no_date,"Goethe, Johann Wolfgang von: Reineke Fuchs"
2761,no_date,"Jonson, Ben: Epicoene, or the silent woman"
2761,no_date,"Schlegel, August Wilhelm von: Athenaeums-Fragment Nr. 241"
2761,no_date,"Schlegel, August Wilhelm von: Athenaeums-Fragment Nr. 260 "
2761,no_date,"Schlegel, August Wilhelm von: Athenaeums-Fragmente"
2761,no_date,"Schlegel, August Wilhelm von: Beiträge zur Kritik der neuesten Literatur"
2761,no_date,"Schlegel, August Wilhelm von: Die Sprachen"
2761,no_date,"Schlegel, August Wilhelm von; Schlegel, Friedrich von: Athenaeums-Fragmente"
2761,no_date,"Schlegel, Friedrich von: Athenaeums-Fragment Nr. 65"
2761,no_date,"Schlegel, Friedrich von: Athenaeums-Fragmente"
2761,no_date,"Schlegel, Friedrich von: Geschichte der Poesie der Griechen und Römer"
2761,no_date,"Schlegel, Friedrich von: Historische Ansichten der Philosophie"
2761,no_date,"Schlegel, Friedrich von: Über Goethes Meister"
2761,no_date,"Schlegel, Friedrich von: Über Lessing"
2761,no_date,"Shakespeare, William: Dramatische Werke. Dritter Theil [Ü: August Wilhelm von Schlegel]"
2761,no_date,"Shakespeare, William: Hamlet"
2761,no_date,"Shakespeare, William: Hamlet, Prinz von Dänemark [Ü: August Wilhelm von Schlegel]"
2761,no_date,"Tieck, Ludwig: Epicoene oder das stumme Mädchen, ein Lustspiel von Ben Jonson"
2762,1798-02-27,"Brunck, Richard Franz Philipp: Analecta veterum poetarum Graecorum"
2762,1798-02-27,"Goethe, Johann Wolfgang von: Wilhelm Meisters Lehrjahre"
2762,1798-02-27,"Hermesianax, Colophonius: Die Elegie des Hermesianax [Ü: August Wilhelm von Schlegel]"
2762,1798-02-27,"Kayser, Karl Philipp: Philetae Coi fragmenta quae reperiuntur "
2762,1798-02-27,"Lafontaine, August Heinrich Julius: Saint Julien"
2762,1798-02-27,"Schlegel, August Wilhelm von: Athenaeums-Fragmente"
2762,1798-02-27,"Schlegel, August Wilhelm von: Athenaeus-Fragment Nr. 193 "
2762,1798-02-27,"Schlegel, August Wilhelm von: Die Sprachen"
2762,1798-02-27,"Schlegel, August Wilhelm von; Schlegel, Friedrich von: Elegien aus dem Griechischen"
2762,1798-02-27,"Schlegel, Friedrich von: Geschichte der Poesie der Griechen und Römer"
2762,1798-02-27,"Schlegel, Friedrich von: Über Goethes Meister"
2762,1798-02-27,"Schlegel, Friedrich von: Über Lessing"
2763,no_date,"Gibbon, Edward: Miscellaneous Works, with Memoirs of his Life and Writings"
2763,no_date,"Goethe, Johann Wolfgang von: Wilhelm Meisters Lehrjahre"
2763,no_date,"Schlegel, August Wilhelm von: Athenaeums-Fragment Nr. 269"
2763,no_date,"Schlegel, August Wilhelm von: Athenaeums-Fragmente"
2763,no_date,"Schlegel, August Wilhelm von: Die Sprachen"
2763,no_date,"Schlegel, August Wilhelm von; Schlegel, Friedrich von: Athenaeums-Fragmente"
2763,no_date,"Schlegel, Friedrich von: Athenaeums-Fragment Nr. 238"
2763,no_date,"Schlegel, Friedrich von: Athenaeums-Fragmente"
2763,no_date,"Schlegel, Friedrich von: Die Griechen und Römer"
2763,no_date,"Schlegel, Friedrich von: Historische Ansichten der Philosophie"
2763,no_date,"Schlegel, Friedrich von: Lyceums-Fragmente"
2763,no_date,"Schlegel, Friedrich von: Über Goethes Meister"
2763,no_date,"Schlegel, Friedrich von: Über Lessing"
2763,no_date,"Wolzogen, Karoline von: Agnes von Lilien"
2764,no_date,"Catullus, Gaius Valerius: Carmina 66 "
2764,no_date,"Goethe, Johann Wolfgang von: Wilhelm Meisters Lehrjahre"
2764,no_date,Novalis: Blüthenstaub
2764,no_date,"Schlegel, August Wilhelm von: Athenaeums-Fragment Nr. 192 "
2764,no_date,"Schlegel, August Wilhelm von: Beiträge zur Kritik der neuesten Literatur"
2764,no_date,"Schlegel, August Wilhelm von: Die Sprachen"
2764,no_date,"Schlegel, August Wilhelm von; Schlegel, Friedrich von: Athenaeums-Fragmente"
2764,no_date,"Schlegel, August Wilhelm von; Schlegel, Friedrich von: Elegien aus dem Griechischen"
2764,no_date,"Schlegel, Friedrich von: Geschichte der Poesie der Griechen und Römer"
2764,no_date,"Schlegel, Friedrich von: Schillers Horen. 1796, 7. Stück (Rezension)"
2764,no_date,"Schlegel, Friedrich von: Über Goethes Meister"
2764,no_date,"Schlegel, Friedrich von: Über Lessing"
2764,no_date,"Schleiermacher, Friedrich: Athenaeums-Fragment Nr. 364"
2764,no_date,"Schleiermacher, Friedrich: Athenaeums-Fragmente"
2764,no_date,"Shakespeare, William: Der Sturm [Ü: August Wilhelm von Schlegel]"
2764,no_date,"Wolzogen, Karoline von: Agnes von Lilien"
2765,1798-03-25,Aristoteles: De arte rhetorica
2765,1798-03-25,"Cervantes Saavedra, Miguel de: Don Quijote"
2765,1798-03-25,"Goethe, Johann Wolfgang von: Hermann und Dorothea"
2765,1798-03-25,"Goethe, Johann Wolfgang von: Wilhelm Meisters Lehrjahre"
2765,1798-03-25,"Ilgen, Karl David: Opuscula varia Philologica"
2765,1798-03-25,Novalis: Blüthenstaub
2765,1798-03-25,Pindarus: Pythia 6
2765,1798-03-25,"Schlegel, August Wilhelm von: Athenaeums-Fragmente"
2765,1798-03-25,"Schlegel, August Wilhelm von: Die Sprachen"
2765,1798-03-25,"Schlegel, August Wilhelm von; Schlegel, Friedrich von: Athenaeums-Fragmente"
2765,1798-03-25,"Schlegel, August Wilhelm von; Schlegel, Friedrich von: Elegien aus dem Griechischen"
2765,1798-03-25,"Schlegel, Friedrich von: Athenaeums-Fragment Nr. 304"
2765,1798-03-25,"Schlegel, Friedrich von: Historische Ansichten der Philosophie"
2765,1798-03-25,"Schlegel, Friedrich von: Lyceums-Fragmente"
2765,1798-03-25,"Schlegel, Friedrich von: Über Goethes Meister"
2765,1798-03-25,"Schlegel, Friedrich von: Über Lessing"
2765,1798-03-25,"Schlosser, Johann Georg: Zweites Schreiben an einen jungen Mann, der die kritische Philosophie studieren wollte"
2765,1798-03-25,"Tieck, Ludwig: Der gestiefelte Kater"
2765,1798-03-25,"Tieck, Ludwig; Wackenroder, Wilhelm Heinrich: Herzensergießungen eines kunstliebenden Klosterbruders"
2765,1798-03-25,"Wolzogen, Karoline von: Agnes von Lilien"
2766,no_date,"Goethe, Johann Wolfgang von: Wilhelm Meisters Lehrjahre"
2766,no_date,"Schlegel, August Wilhelm von: Beiträge zur Kritik der neuesten Literatur"
2766,no_date,"Schlegel, August Wilhelm von: Die Sprachen"
2766,no_date,"Schlegel, August Wilhelm von: Prometheus"
2766,no_date,"Schlegel, August Wilhelm von; Schlegel, Friedrich von: Athenaeums-Fragmente"
2766,no_date,"Schlegel, August Wilhelm von; Schlegel, Friedrich von: Elegien aus dem Griechischen"
2766,no_date,"Schlegel, Friedrich von: Über Goethes Meister"
2766,no_date,"Schlegel, Friedrich von: Über Lessing"
2766,no_date,"Shakespeare, William: Der Sturm [Ü: August Wilhelm von Schlegel]"
2766,no_date,"Shakespeare, William: Dramatische Werke. Dritter Theil [Ü: August Wilhelm von Schlegel]"
2766,no_date,"Shakespeare, William: Hamlet"
2766,no_date,"Shakespeare, William: Hamlet, Prinz von Dänemark [Ü: August Wilhelm von Schlegel]"
2766,no_date,"Shakespeare, William: The Tempest"
2766,no_date,"Tieck, Ludwig: Franz Sternbalds Wanderungen"
2767,1798-04-13,"Bernhardi, August Ferdinand: Bambocciaden "
2767,1798-04-13,Novalis: Blüthenstaub
2767,1798-04-13,"Schlegel, August Wilhelm von: Beiträge zur Kritik der neuesten Literatur"
2767,1798-04-13,"Schlegel, August Wilhelm von: Die Sprachen"
2767,1798-04-13,"Schlegel, August Wilhelm von; Schlegel, Friedrich von: Athenaeums-Fragmente"
2767,1798-04-13,"Schlegel, August Wilhelm von; Schlegel, Friedrich von: Elegien aus dem Griechischen"
2767,1798-04-13,"Schlegel, Friedrich von: Geschichte der Poesie der Griechen und Römer"
2767,1798-04-13,"Tieck, Ludwig: Franz Sternbalds Wanderungen"
2767,1798-04-13,"Tieck, Ludwig; Wackenroder, Wilhelm Heinrich: Herzensergießungen eines kunstliebenden Klosterbruders"
2767,1798-04-13,"Tieck, Ludwig; Wackenroder, Wilhelm Heinrich: Phantasien über die Kunst"
2767,1798-04-13,"Wolzogen, Karoline von: Agnes von Lilien"
2768,no_date,"Cervantes Saavedra, Miguel de: Don Quijote"
2768,no_date,"Goethe, Johann Wolfgang von: Wilhelm Meisters Lehrjahre"
2768,no_date,Novalis: Blüthenstaub
2768,no_date,"Schlegel, August Wilhelm von: Beiträge zur Kritik der neuesten Literatur"
2768,no_date,"Schlegel, August Wilhelm von; Schlegel, Friedrich von: Athenaeums-Fragmente"
2768,no_date,"Schlegel, August Wilhelm von; Schlegel, Friedrich von: Elegien aus dem Griechischen"
2768,no_date,"Schlegel, Friedrich von: Geschichte der Poesie der Griechen und Römer"
2768,no_date,"Schlegel, Friedrich von: Über Goethes Meister"
2768,no_date,"Shakespeare, William: Dramatische Werke. Dritter Theil [Ü: August Wilhelm von Schlegel]"
2768,no_date,"Shakespeare, William: Hamlet"
2768,no_date,"Shakespeare, William: Hamlet, Prinz von Dänemark [Ü: August Wilhelm von Schlegel]"
2768,no_date,"Tieck, Ludwig: Briefe über Shakespeare"
2769,1798-04-28,"Cervantes Saavedra, Miguel de: Don Quijote"
2769,1798-04-28,"Fichte, Johann Gottlieb: Das System der Sittenlehre, nach den Prinzipien der Wissenschaftslehre"
2769,1798-04-28,"Goethe, Johann Wolfgang von: Hermann und Dorothea"
2769,1798-04-28,"Jacobi, Friedrich Heinrich: Woldemar, eine Seltenheit aus der Naturgeschichte"
2769,1798-04-28,"Lafontaine, August Heinrich Julius: Saint Julien"
2769,1798-04-28,"Nicolai, Friedrich: Leben und Meinungen Sempronius Gundibert’s, eines deutschen Philosophen"
2769,1798-04-28,Novalis: Blüthenstaub
2769,1798-04-28,"Schlegel, August Wilhelm von: Beiträge zur Kritik der neuesten Literatur"
2769,1798-04-28,"Schlegel, August Wilhelm von: Etwas über William Shakespeare bey Gelegenheit Wilhelm Meisters"
2769,1798-04-28,"Schlegel, August Wilhelm von: Ueber Shakespeareʼs Romeo und Julia"
2769,1798-04-28,"Schlegel, August Wilhelm von; Schlegel, Friedrich von: Athenaeums-Fragmente"
2769,1798-04-28,"Schlegel, August Wilhelm von; Schlegel, Friedrich von: Elegien aus dem Griechischen"
2769,1798-04-28,"Schlegel, Friedrich von: Athenaeums-Fragmente"
2769,1798-04-28,"Schlegel, Friedrich von: Geschichte der Poesie der Griechen und Römer"
2769,1798-04-28,"Schlegel, Friedrich von: Historische Ansichten der Philosophie"
2769,1798-04-28,"Schlegel, Friedrich von: Jacobi, Friedrich Heinrich: Jacobis Woldemar (Rezension)"
2769,1798-04-28,"Schlegel, Friedrich von: Philosophisches Journal (Rezension)"
2769,1798-04-28,"Schlegel, Friedrich von: Über Goethes Meister"
2769,1798-04-28,"Schlegel, Friedrich von: Über Lessing"
2769,1798-04-28,"Shakespeare, William: Dramatische Werke [Ü: August Wilhelm von Schlegel]"
2769,1798-04-28,"Shakespeare, William: Dramatische Werke. Dritter Theil [Ü: August Wilhelm von Schlegel]"
2769,1798-04-28,"Shakespeare, William: Romeo and Juliet"
2769,1798-04-28,"Tieck, Ludwig: Volksmährchen von Peter Leberecht"
2769,1798-04-28,"Wolzogen, Karoline von: Agnes von Lilien"
3265,1798-02-17,"Schlegel, August Wilhelm von: Die Sprachen"
3265,1798-02-17,"Schlegel, Friedrich von: Athenaeums-Fragmente"
3265,1798-02-17,"Schlegel, Friedrich von: Historische Ansichten der Philosophie"
3265,1798-02-17,"Schlegel, Friedrich von: Über Goethes Meister"
3267,1798-03-06,"Schlegel, August Wilhelm von: Athenaeums-Fragment Nr. 269"
3267,1798-03-06,"Schlegel, August Wilhelm von: Die Sprachen"
3267,1798-03-06,"Schlegel, Friedrich von: Athenaeums-Fragmente"
3267,1798-03-06,"Schlegel, Friedrich von: Lyceums-Fragmente"
3267,1798-03-06,"Schlegel, Friedrich von: Notizhefte"
3267,1798-03-06,"Schlegel, Friedrich von: Philosophische Lehrjahre "
3267,1798-03-06,"Schlegel, Friedrich von: Über Lessing"
3269,1798-01-22,"Aeschylus: Die Schutzgenossinnen [Ü: August Wilhelm von Schlegel] (Teilübersetzung, in: Athenaeum)"
3269,1798-01-22,"Goethe, Johann Wolfgang von: Wilhelm Meisters Lehrjahre"
3269,1798-01-22,"Klopstock, Friedrich Gottlieb: Grammatische Gespräche"
3269,1798-01-22,"Schlegel, August Wilhelm von: Beiträge zur Kritik der neuesten Literatur"
3269,1798-01-22,"Schlegel, August Wilhelm von: Die Sprachen"
3269,1798-01-22,"Schlegel, August Wilhelm von; Schlegel, Friedrich von: Athenaeums-Fragmente"
3269,1798-01-22,"Schlegel, Friedrich von: Athenaeums-Fragment Nr. 383"
3269,1798-01-22,"Schlegel, Friedrich von: Historische Ansichten der Philosophie"
3269,1798-01-22,"Schlegel, Friedrich von: Über Goethes Meister"
3269,1798-01-22,"Schlegel, Friedrich von: Über Lessing"
3269,1798-01-22,"Wolzogen, Karoline von: Agnes von Lilien"
3278,1800-01-06,"Bernhardi, August Ferdinand: Herder, Johann Gottfried von: Verstand und Erfahrung. Eine Metakritik zur Kritik der reinen Vernunft (Rezension)"
3278,1800-01-06,"Parny, Évariste: La Guerre des Dieux anciens et modernes"
3278,1800-01-06,"Schlegel, August Wilhelm von: Literarischer Reichsanzeiger"
3278,1800-01-06,"Schlegel, August Wilhelm von: Matthissons Basrelief am Sarkofage des Jahrhunderts"
3278,1800-01-06,"Schlegel, August Wilhelm von: Notizen (Basrelief am Sarkofage des Jahrhunderts; Alius Abenteuer [...])"
3278,1800-01-06,"Schlegel, August Wilhelm von: Parny, La guerre des dieux"
3278,1800-01-06,"Schlegel, August Wilhelm von: Wettgesang dreier Poeten"
3278,1800-01-06,"Schlegel, August Wilhelm von: Über Bürgers Werke"
3278,1800-01-06,"Schlegel, August Wilhelm von; Schlegel, Friedrich von: Idyllen aus dem Griechischen"
3278,1800-01-06,"Schlegel, Friedrich von: Gespräch über die Poesie"
3366,1797-12-16,"Goethe, Johann Wolfgang von: Hermann und Dorothea"
3366,1797-12-16,"Schlegel, August Wilhelm von: Goethe, Johann Wolfgang von: Hermann und Dorothea (Rezension)"
3366,1797-12-16,"Shakespeare, William: Dramatische Werke. Zweyter Theil [Ü: August Wilhelm von Schlegel]"
3367,1798-02-24,"Gotter, Friedrich Wilhelm: Die Geisterinsel"
3367,1798-02-24,"Mozart, Wolfgang Amadeus: Der Stein der Weisen oder Die Zauberinsel [L: Emanuel Schikaneder]"
3367,1798-02-24,"Mozart, Wolfgang Amadeus: Die Zauberflöte"
3368,1798-05-01,"Shakespeare, William: Dramatische Werke [Ü: August Wilhelm von Schlegel]"
3369,1798-06-18,"Fiorillo, Johann Dominik: Geschichte der zeichnenden Künste von ihrer Wiederauflebung bis auf die neuesten Zeiten"
3369,1798-06-18,"Schlegel, Friedrich von: Geschichte der Poesie der Griechen und Römer"
3369,1798-06-18,"Tieck, Ludwig: Auf der Reise"
3369,1798-06-18,"Tieck, Ludwig: Der neue Frühling"
3369,1798-06-18,"Tieck, Ludwig: Herbstlied"
3369,1798-06-18,"Tieck, Ludwig: Kunst und Liebe"
3403,1798-02-19,"Gotter, Friedrich Wilhelm: Der schöne Geist oder das poetische Schloß"
3403,1798-02-19,"Shakespeare, William: Dramatische Werke. Dritter Theil [Ü: August Wilhelm von Schlegel]"
3404,1798-05-09,Novalis: Blüthenstaub
3404,1798-05-09,"Schlegel, August Wilhelm von; Schlegel, Friedrich von: Elegien aus dem Griechischen"
3405,1798-06-10,"Fiorillo, Johann Dominik: Geschichte der zeichnenden Künste von ihrer Wiederauflebung bis auf die neuesten Zeiten"
3405,1798-06-10,"Goethe, Johann Wolfgang von: Der Zauberlehrling"
3405,1798-06-10,"Shakespeare, William: Dramatische Werke. Dritter Theil [Ü: August Wilhelm von Schlegel]"
3405,1798-06-10,"Shakespeare, William: Hamlet"
3405,1798-06-10,"Shakespeare, William: Hamlet, Prinz von Dänemark [Ü: August Wilhelm von Schlegel]"
3405,1798-06-10,"Tieck, Ludwig: Auf der Reise"
3405,1798-06-10,"Tieck, Ludwig: Franz Sternbalds Wanderungen"
3405,1798-06-10,"Tieck, Ludwig: Herbstlied"
3405,1798-06-10,"Tieck, Ludwig: Kunst und Liebe"
3405,1798-06-10,"Tieck, Ludwig: Neuer Frühling"
3405,1798-06-10,"Zelter, Carl Friedrich: Goethe, Johann Wolfgang von: Der Zauberlehrling (Vertonung)"
3406,no_date,"Schlegel, August Wilhelm von: An Friederike Unzelmann"
3406,no_date,"Schlegel, August Wilhelm von: Der neue Pygmalion"
3825,1790-10-15,"Schlegel, August Wilhelm von: Gedichte"
3825,1790-10-15,"Schlegel, Johan F. W.: (Dissertation)"
3827,1791-06-13,"Schiller, Friedrich: Über Bürgers Gedichte (Rezension)"
3829,1791-07-08,Hannoverisches Gesangbuch
3832,1791-08-16,"Schiller, Friedrich: Über Bürgers Gedichte (Rezension)"
3832,1791-08-16,"Schlegel, Johann Carl Fürchtegott: (Aufsatz gegen Schillers Rezension „Ueber Bürgers Gedichte“)"
3834,1791-12-07,"Harless, Adolf Gottlieb Christoph: Brevior Notitia Litteraturae Romanae in primis scriptorum Latinorum "
3834,1791-12-07,"Schiller, Friedrich: Über Bürgers Gedichte (Rezension)"
3834,1791-12-07,"Schlegel, August Wilhelm von: An Bürger (1789)"
3834,1791-12-07,"Schlegel, August Wilhelm von: Dante. Über die göttliche Komödie"
3834,1791-12-07,"Schlegel, Johann Carl Fürchtegott: (Aufsatz gegen Schillers Rezension „Ueber Bürgers Gedichte“)"
3834,1791-12-07,"Velleius Paterculus: Velleius Paterculus novissime recognitus, emendatus et illustratus"
3963,1798-04-07,Isaac Reed (Hg.): The Plays of William Shakespeare
3963,1798-04-07,"Shakespeare, William: The Dramatic Works (Hg.: Karl Franz Christian Wagner)"
3963,1798-04-07,"Shakespeare, William: The Plays"
3963,1798-04-07,"Tibullus, Albius: Sehnsucht nach Frieden [Ü: Karl Franz Christian Wagner]"
4159,1790-08-22,"Bruce, James: Travels to Discover the Source of the Nile"
4159,1790-08-22,"Bürger, Gottfried August: Gedichte"
4159,1790-08-22,"Büsching, Anton Friedrich: Zuverläßige Beyträge zu der Regierungs-Geschichte Königs Friedrich II von Preußen "
4159,1790-08-22,"Heyne, Christian Gottlob (Hg.): Publius Virgilius Maro "
4159,1790-08-22,"Heyne, Christian Gottlob: Werke"
4159,1790-08-22,"Lyttelton, George, Lord: To the Reverend Dr. Ayscough, at Oxford"
4159,1790-08-22,"Pütter, Johann Stephan: An Historical Development of the Present Political Constitution of the Germanic Empire [Ü: Josiah Dornford]"
4159,1790-08-22,"Pütter, Johann Stephan: Historische Entwickelung der heutigen Staatsverfassung des Deutschen Reichs "
4159,1790-08-22,"Pütter, Johann Stephan: Versuch einer academischen Gelehrtengeschichte von der Georg-Augustus-Universität zu Göttingen"
4159,1790-08-22,"Schiller, Friedrich: Geschichte des Dreißigjährigen Kriegs"
4159,1790-08-22,"Stewart, John: The Moral State of Nations, or Travels over the Most Interesting Parts of the Globe, to Discover the Source of Moral Motion"
4237,1791-11-25,Hannoverisches Gesangbuch
4238,1792-01-27,Hannoverisches Gesangbuch
4238,1792-01-27,"Kotzebue, August von: Doctor Bahrdt mit der eisernen Stirn"
4238,1792-01-27,"Kotzebue, August von: Erklärung des Verfassers der Schrift: Doktor Bahrdt mit der eisernen Stirn"
4238,1792-01-27,"Schiller, Friedrich: Geschichte des Dreißigjährigen Kriegs"
4239,1792-02-16,"Kotzebue, August von: Doctor Bahrdt mit der eisernen Stirn"
4240,1792-03-13,"Kotzebue, August von: Doctor Bahrdt mit der eisernen Stirn"
4240,1792-03-13,"Rehberg, August Wilhelm: Prüfung der Erziehungskunst"
4241,1792-04-05,"Möser, Justus: Patriotische Phantasien"
4243,1792-06-01,"Bouterwek, Friedrich: Graf Donamar. Briefe, geschrieben zur Zeit des siebenjährigen Krieges in Deutschland"
4244,1792-06-14,"Brandes, Ernst: Ueber einige bisherige Folgen der französischen Revolution in Rücksicht auf Deutschland "
4244,1792-06-14,"Kotzebue, August von: Doctor Bahrdt mit der eisernen Stirn"
4244,1792-06-14,"Möser, Justus: Patriotische Phantasien"
4244,1792-06-14,"Rehberg, August Wilhelm: Prüfung der Erziehungskunst"
4267,1798-06-08,Aeschylus: Tragoediae [Ü: Christian Gottfried Schütz]
4267,1798-06-08,"Aristophanes: Comoediae, auctoritate libri praeclarissimi saeculi decimi emendatae a Philippo Invernizio, iurisconsulto romano"
4267,1798-06-08,"Beck, Christian Daniel; Morus, Samuel Friedrich Nathanael: Euripidis Tragoediae"
4267,1798-06-08,"Goethe, Johann Wolfgang von: Hermann und Dorothea"
4267,1798-06-08,Plutarchus: Chaeronensis quae supersunt omnia
4267,1798-06-08,"Schlegel, August Wilhelm von: Goethe, Johann Wolfgang von: Hermann und Dorothea (Rezension)"
4267,1798-06-08,Sophocles: Tragoediae septem ad optimorum exemplarium fidem emendatae cum versione et notis ex editione Richard Franz Philipp Brunck
4277,no_date,"Falk, Johann Daniel: Der Mensch und die Helden"
4277,no_date,"Goethe, Johann Wolfgang von: Hermann und Dorothea"
4277,no_date,"Schlegel, August Wilhelm von: Falk, Johann Daniel: Taschenbuch für Freunde des Scherzes und der Satire (Rezension)"
4277,no_date,"Schlegel, August Wilhelm von: Goethe, Johann Wolfgang von: Hermann und Dorothea (Rezension)"
4774,1797-12-25,"Goethe, Johann Wolfgang von: Hermann und Dorothea"
4774,1797-12-25,Homerus: Odyssea
4774,1797-12-25,"Humboldt, Wilhelm von: Das achtzehnte Jahrhundert"
4774,1797-12-25,"Schlegel, August Wilhelm von: Goethe, Johann Wolfgang von: Hermann und Dorothea (Rezension)"
4775,1798-01-12,"Goethe, Johann Wolfgang von: Hermann und Dorothea"
4775,1798-01-12,"Schlegel, August Wilhelm von: Goethe, Johann Wolfgang von: Hermann und Dorothea (Rezension)"
4776,1798-02-24,"Goethe, Johann Wolfgang von: Hermann und Dorothea"
4776,1798-02-24,Novalis: (Fragmente)
4776,1798-02-24,Novalis: Die Lehrlinge zu Sais
4776,1798-02-24,Novalis: Logologische Fragmente
4776,1798-02-24,"Schlegel, August Wilhelm von: Goethe, Johann Wolfgang von: Hermann und Dorothea (Rezension)"
4776,1798-02-24,"Schlegel, Friedrich von: Athenaeums-Fragmente"
4776,1798-02-24,"Shakespeare, William: Dramatische Werke. Dritter Theil [Ü: August Wilhelm von Schlegel]"
4776,1798-02-24,"Shakespeare, William: Hamlet, Prinz von Dänemark [Ü: August Wilhelm von Schlegel]"
4866,1791-10-13,"Bürger, Gottfried August: Gedichte"
4866,1791-10-13,"Schiller, Friedrich: Über Bürgers Gedichte (Rezension)"
5374,1798-01-16,"Akenside, Mark: Hymn to the Naiads"
5374,1798-01-16,Anonymus: Huius nympha loci
5374,1798-01-16,"Neubeck, Valerius Wilhelm: Die Gesundbrunnen"
5374,1798-01-16,"Ovidius Naso, Publius: Fasti"
5374,1798-01-16,"Ovidius Naso, Publius: Metamorphoses"
5374,1798-01-16,"Schlegel, August Wilhelm von: Pygmalion"
5374,1798-01-16,"Vergilius Maro, Publius: Bucolica, Eclogae 1–10"
5374,1798-01-16,"Vergilius Maro, Publius: Georgica"
5374,1798-01-16,"Voß, Johann Heinrich: Mythologische Briefe"
5395,1792-03-20,"Oelrichs, Johann Georg Arnold: Commentarii de scriptoribus ecclesiae Latinae priorum VI saeculorum"
5395,1792-03-20,"Oelrichs, Johann Georg Arnold: Commentatio de doctrina Platonis de Deo"
5634,1791-05-20,"Schiller, Friedrich: Über Bürgers Gedichte (Rezension)"
5635,no_date,"Kotzebue, August von: Doctor Bahrdt mit der eisernen Stirn"
5638,no_date,Hannoverisches Gesangbuch
5639,no_date,"Gellert, Christian Fürchtegott: Der Hund"
5639,no_date,"Gellert, Christian Fürchtegott: Fabeln und Erzählungen"
5643,no_date,"Goethe, Johann Wolfgang von: Iphigenie auf Tauris"
5643,no_date,"Lessing, Gotthold Ephraim: Emilia Galotti"
5643,no_date,"Mackensen, Wilhelm Friedrich August: Letztes Wort über Göttingen und seine Lehrer"
5643,no_date,"Schiller, Friedrich: Don Carlos"
7432,1798-06-16,"Butler, Samuel: Hudibras"
7432,1798-06-16,"Ovidius Naso, Publius: Verwandlungen [Ü: Johann Heinrich Voß]"
7432,1798-06-16,"Shakespeare, William: Dramatische Werke. Dritter Theil [Ü: August Wilhelm von Schlegel]"
7432,1798-06-16,"Soltau, Dietrich Wilhelm: Hudibras frey verteutscht"
7432,1798-06-16,"Tieck, Ludwig: Franz Sternbalds Wanderungen"
7433,no_date,"Becker, Wilhelm Gottlieb: Darstellungen"
7433,no_date,"Ovidius Naso, Publius: Metamorphoses"
7433,no_date,"Ovidius Naso, Publius: Verwandlungen [Ü: Johann Heinrich Voß]"
7433,no_date,"Schlegel, August Wilhelm von: Homerus: Werke [Ü: Johann Heinrich Voß] (Rezension)"
7433,no_date,"Schlegel, Friedrich von: Geschichte der Poesie der Griechen und Römer"
7433,no_date,"Shakespeare, William: Dramatische Werke [Ü: August Wilhelm von Schlegel]"
7433,no_date,"Shakespeare, William: Dramatische Werke. Dritter Theil [Ü: August Wilhelm von Schlegel]"
7433,no_date,"Shakespeare, William: Dramatische Werke. Zweyter Theil [Ü: August Wilhelm von Schlegel]"
7433,no_date,"Tieck, Ludwig: Franz Sternbalds Wanderungen"
7433,no_date,"Tieck, Ludwig: Volksmährchen von Peter Leberecht"
7433,no_date,"Voß, Johann Heinrich: Mythologische Briefe"
7831,no_date,"Shakespeare, William: Dramatische Werke [Ü: August Wilhelm von Schlegel]"
12020,1798-01-18,"Alxinger, Johann Baptist von: Doolin von Maynz"
12020,1798-01-18,"Einsiedel, Friedrich Hildebrand von: Grundlinien zu einer Theorie der Schauspielkunst "
12020,1798-01-18,"Goethe, Johann Wolfgang von: Werke"
12020,1798-01-18,"Klopstock, Friedrich Gottlieb: Werke"
12020,1798-01-18,"Schiller, Friedrich: Werke"
12020,1798-01-18,"Schlegel, August Wilhelm von: Alxinger, Johann Baptist von: Doolin von Maynz (Rezensionsplan)"
12020,1798-01-18,"Schlegel, August Wilhelm von: Athenaeums-Fragment Nr. 260 "
12020,1798-01-18,"Wieland, Christoph Martin: Sämmtliche Werke"
1,1791-01-06,"Heyne, Christian Gottlob: Ankündigung des Prorectorat-Wechsels [Ü: August Wilhelm von Schlegel]"
3,1798-05-26,"Shakespeare, William: Dramatische Werke. Dritter Theil [Ü: August Wilhelm von Schlegel]"
3,1798-05-26,"Shakespeare, William: Hamlet"
4245,1792-07-13,"Gatterer, Johann Christoph: Weltgeschichte in ihrem ganzen Umfange"
4245,1792-07-13,"Goethe, Johann Wolfgang von: Werke"
2171,1792-07-05,"Garve, Christian: Versuche über verschiedene Gegenstände aus der Moral, Litteratur und dem gesellschaftlichen Leben "
2171,1792-07-05,"Maimon, Salomon: Salomon Maimons Lebensgeschichte von ihm selbst geschrieben"
2171,1792-07-05,"Maimon, Salomon: Versuch über die Transzendentalphilosophie"
3835,1792-09-09,"Goethe, Johann Wolfgang von: Werke"
3835,1792-09-09,"Rehberg, August Wilhelm: Prüfung der Erziehungskunst"
3835,1792-09-09,"Schlegel, August Wilhelm von: De geographia Homerica commentatio"
500,1792-09-28,"Bouterwek, Friedrich: Gedichte"
500,1792-09-28,"Bouterwek, Friedrich: Huberulus Murzuphlus oder der poetische Kuss"
500,1792-09-28,"Bouterwek, Friedrich: Murzuphlus der Kritiker"
500,1792-09-28,"Bouterwek, Friedrich: Wie man sich irren kann"
500,1792-09-28,"Bürger, Gottfried August: Auf einen Zeitschriftsteller, der [...] Kopf- Herz- und Geschmacklos schrieb"
500,1792-09-28,"Bürger, Gottfried August: Der Vogel Urselbst, seine Recensenten und der Genius"
500,1792-09-28,"Bürger, Gottfried August: Der wohlgesinnte Liebhaber"
500,1792-09-28,"Bürger, Gottfried August: Gedichte"
500,1792-09-28,"Dante, Alighieri: Divina commedia"
500,1792-09-28,"Dante, Alighieri: Divina commedia [Ü: August Wilhelm von Schlegel] (Teilübersetzung)"
500,1792-09-28,"Reinhard, Karl: An –"
500,1792-09-28,"Schmidt, Klamer Eberhard Karl: Gute Nacht!"
499,1792-07-30,"Bürger, Gottfried August: Gedichte"
499,1792-07-30,"Bürger, Gottfried August: Heloise an Abelard"
499,1792-07-30,"Percy, Thomas: The Reliques of Ancient English Poetry"
499,1792-07-30,"Reinhard, Karl: An Malwina, nach der Trennung"
499,1792-07-30,"Shakespeare, William: Hamlet"
