487,1798-03-07,August Wilhelm von Schlegel,Johann Joachim Eschenburg
494,no_date,August Wilhelm von Schlegel,Gottfried August Bürger
495,1791-06-11,August Wilhelm von Schlegel,Gottfried August Bürger
496,1791-07-02,August Wilhelm von Schlegel,Gottfried August Bürger
497,1791-10-31,Gottfried August Bürger,August Wilhelm von Schlegel
498,1791-11-19,August Wilhelm von Schlegel,Gottfried August Bürger
858,1790-01-15,August von Honstedt,August Wilhelm von Schlegel
859,1790-08-09,August Wilhelm von Schlegel,Johann Carl Fürchtegott Schlegel
860,1791-04-06,Gottlieb Cruse,August Wilhelm von Schlegel
861,1791-05-21,August Wilhelm von Schlegel,Christian Gottlob Heyne
862,1791-07-02,August Wilhelm von Schlegel,Christian Gottlob Heyne
863,1791-09-04,Caroline Rehberg,August Wilhelm von Schlegel
864,1791-09-05,August Wilhelm von Schlegel,Christian Gottlob Heyne
910,1797-12-25,Christian Gottfried Schütz,August Wilhelm von Schlegel
911,1798-01-13,August Wilhelm von Schlegel,Christian Gottlob Heyne
912,no_date,Johann Daniel Falk,August Wilhelm von Schlegel
913,1798-04-27,August Wilhelm von Schlegel,Georg Joachim Göschen
914,1798-06-24,Christian Gottlob Heyne,August Wilhelm von Schlegel
915,1798-07-01,August Wilhelm von Schlegel,Gottlieb Hufeland
1280,no_date,August Wilhelm von Schlegel,Juliet Smith
1330,no_date,Ludwig Tieck,August Wilhelm von Schlegel
1331,no_date,August Wilhelm von Schlegel,Ludwig Tieck
1332,no_date,Ludwig Tieck,August Wilhelm von Schlegel
1333,no_date,Ludwig Tieck,August Wilhelm von Schlegel
1334,1798-01-09,Ludwig Tieck,August Wilhelm von Schlegel
2096,no_date,Friedrich Schiller,August Wilhelm von Schlegel
2157,1791-05-18,Friedrich von Schlegel,August Wilhelm von Schlegel
2158,1791-06-04,Friedrich von Schlegel,August Wilhelm von Schlegel
2159,1791-07-21,Friedrich von Schlegel,August Wilhelm von Schlegel
2160,1791-08-26,Friedrich von Schlegel,August Wilhelm von Schlegel
2162,1791-10-04,Friedrich von Schlegel,August Wilhelm von Schlegel
2163,no_date,Friedrich von Schlegel,August Wilhelm von Schlegel
2164,1791-11-08,Friedrich von Schlegel,August Wilhelm von Schlegel
2165,1791-12-05,Friedrich von Schlegel,August Wilhelm von Schlegel
2166,no_date,Friedrich von Schlegel,August Wilhelm von Schlegel
2167,1792-02-11,Friedrich von Schlegel,August Wilhelm von Schlegel
2168,1792-04-13,Friedrich von Schlegel,August Wilhelm von Schlegel
2169,1792-05-17,Friedrich von Schlegel,August Wilhelm von Schlegel
2170,1792-07-04,Friedrich von Schlegel,August Wilhelm von Schlegel
2599,1800-06-01,Johanna Christiane Erdmuthe Schlegel,August Wilhelm von Schlegel
2687,1798-06-03,August Wilhelm von Schlegel,Auguste Böhmer
2756,no_date,Friedrich von Schlegel,August Wilhelm von Schlegel
2757,1797-12-18,Friedrich von Schlegel,August Wilhelm von Schlegel
2757,1797-12-18,Friedrich von Schlegel,Auguste Böhmer
2758,no_date,Friedrich von Schlegel,August Wilhelm von Schlegel
2759,1798-01-15,Friedrich von Schlegel,August Wilhelm von Schlegel
2759,1798-01-15,Friedrich Schleiermacher,August Wilhelm von Schlegel
2760,no_date,Friedrich von Schlegel,August Wilhelm von Schlegel
2761,no_date,Friedrich von Schlegel,August Wilhelm von Schlegel
2762,1798-02-27,Friedrich von Schlegel,August Wilhelm von Schlegel
2762,1798-02-27,Friedrich Schleiermacher,August Wilhelm von Schlegel
2763,no_date,Friedrich von Schlegel,August Wilhelm von Schlegel
2764,no_date,Friedrich von Schlegel,August Wilhelm von Schlegel
2765,1798-03-25,Friedrich von Schlegel,August Wilhelm von Schlegel
2766,no_date,Friedrich von Schlegel,August Wilhelm von Schlegel
2767,1798-04-13,Friedrich von Schlegel,August Wilhelm von Schlegel
2768,no_date,Friedrich von Schlegel,August Wilhelm von Schlegel
2769,1798-04-28,Friedrich von Schlegel,August Wilhelm von Schlegel
3265,1798-02-17,Friedrich Schleiermacher,August Wilhelm von Schlegel
3267,1798-03-06,Friedrich Schleiermacher,August Wilhelm von Schlegel
3269,1798-01-22,August Wilhelm von Schlegel,Friedrich Schleiermacher
3278,1800-01-06,August Wilhelm von Schlegel,Friedrich Schleiermacher
3366,1797-12-16,Johann Wolfgang von Goethe,August Wilhelm von Schlegel
3367,1798-02-24,Johann Wolfgang von Goethe,August Wilhelm von Schlegel
3368,1798-05-01,Johann Wolfgang von Goethe,August Wilhelm von Schlegel
3369,1798-06-18,Johann Wolfgang von Goethe,August Wilhelm von Schlegel
3403,1798-02-19,August Wilhelm von Schlegel,Johann Wolfgang von Goethe
3404,1798-05-09,August Wilhelm von Schlegel,Johann Wolfgang von Goethe
3405,1798-06-10,August Wilhelm von Schlegel,Johann Wolfgang von Goethe
3406,no_date,August Wilhelm von Schlegel,Johann Wolfgang von Goethe
3549,1791-07-06,Christian Gottlob Heyne,August Wilhelm von Schlegel
3774,1798-06-15,Willem Ferdinand Mogge Muilman,August Wilhelm von Schlegel
3825,1790-10-15,Johan F. W. Schlegel,August Wilhelm von Schlegel
3826,1791-06-03,Johann Carl Fürchtegott Schlegel,August Wilhelm von Schlegel
3827,1791-06-13,Johann Carl Fürchtegott Schlegel,August Wilhelm von Schlegel
3828,1791-06-22,Johann Carl Fürchtegott Schlegel,August Wilhelm von Schlegel
3829,1791-07-08,Johann Carl Fürchtegott Schlegel,August Wilhelm von Schlegel
3830,1791-07-15,Johann Carl Fürchtegott Schlegel,August Wilhelm von Schlegel
3831,1791-07-20,Johann Carl Fürchtegott Schlegel,August Wilhelm von Schlegel
3832,1791-08-16,Johann Carl Fürchtegott Schlegel,August Wilhelm von Schlegel
3833,1791-11-15,Johann Carl Fürchtegott Schlegel,August Wilhelm von Schlegel
3834,1791-12-07,Johann Carl Fürchtegott Schlegel,August Wilhelm von Schlegel
3963,1798-04-07,Karl Franz Christian Wagner,August Wilhelm von Schlegel
4043,1791-02-21,Johann Georg Zimmermann,August Wilhelm von Schlegel
4159,1790-08-22,Josiah Dornford,August Wilhelm von Schlegel
4160,1791-06-30,Josiah Dornford,August Wilhelm von Schlegel
4233,1791-09-06,Henriette Ernst,August Wilhelm von Schlegel
4234,1791-09-22,Henriette Ernst,August Wilhelm von Schlegel
4235,1791-10-12,Johann Carl Fürchtegott Schlegel,August Wilhelm von Schlegel
4235,1791-10-12,Henriette Ernst,August Wilhelm von Schlegel
4236,1791-11-13,Henriette Ernst,August Wilhelm von Schlegel
4237,1791-11-25,Johann Carl Fürchtegott Schlegel,August Wilhelm von Schlegel
4237,1791-11-25,Henriette Ernst,August Wilhelm von Schlegel
4238,1792-01-27,Henriette Ernst,August Wilhelm von Schlegel
4239,1792-02-16,Henriette Ernst,August Wilhelm von Schlegel
4240,1792-03-13,Henriette Ernst,August Wilhelm von Schlegel
4241,1792-04-05,Henriette Ernst,August Wilhelm von Schlegel
4242,1792-05-14,Henriette Ernst,August Wilhelm von Schlegel
4243,1792-06-01,Henriette Ernst,August Wilhelm von Schlegel
4244,1792-06-14,Henriette Ernst,August Wilhelm von Schlegel
4267,1798-06-08,Friedrich August Eschen,August Wilhelm von Schlegel
4268,1791-04-30,Johann Joachim Eschenburg,August Wilhelm von Schlegel
4277,no_date,Johann Daniel Falk,August Wilhelm von Schlegel
4317,no_date,Johann Georg Heinrich Feder,August Wilhelm von Schlegel
4318,no_date,Johann Georg Heinrich Feder,August Wilhelm von Schlegel
4400,1791-08-01,Moses Gumprecht,August Wilhelm von Schlegel
4401,1791-09-22,Moses Gumprecht,August Wilhelm von Schlegel
4774,1797-12-25,Novalis,August Wilhelm von Schlegel
4775,1798-01-12,Novalis,August Wilhelm von Schlegel
4776,1798-02-24,Novalis,August Wilhelm von Schlegel
4866,1791-10-13,Georg Wilhelm August von Pape,August Wilhelm von Schlegel
5374,1798-01-16,Valerius Wilhelm Neubeck,August Wilhelm von Schlegel
5395,1792-03-20,Heinrich Oelrichs,August Wilhelm von Schlegel
5634,1791-05-20,Johann Carl Fürchtegott Schlegel,August Wilhelm von Schlegel
5634,1791-05-20,Johanna Christiane Erdmuthe Schlegel,August Wilhelm von Schlegel
5635,no_date,Johanna Christiane Erdmuthe Schlegel,August Wilhelm von Schlegel
5636,no_date,Johanna Christiane Erdmuthe Schlegel,August Wilhelm von Schlegel
5637,no_date,Johanna Christiane Erdmuthe Schlegel,August Wilhelm von Schlegel
5638,no_date,Johanna Christiane Erdmuthe Schlegel,August Wilhelm von Schlegel
5639,no_date,Johanna Christiane Erdmuthe Schlegel,August Wilhelm von Schlegel
5639,no_date,Johann Adolf Schlegel,August Wilhelm von Schlegel
5640,1791-10-18,Johanna Christiane Erdmuthe Schlegel,August Wilhelm von Schlegel
5640,1791-10-18,Johann Adolf Schlegel,August Wilhelm von Schlegel
5640,1791-10-18,Henriette Ernst,August Wilhelm von Schlegel
5641,no_date,Johanna Christiane Erdmuthe Schlegel,August Wilhelm von Schlegel
5643,no_date,Johanna Christiane Erdmuthe Schlegel,August Wilhelm von Schlegel
5785,1790-07-29,Juliet Smith,August Wilhelm von Schlegel
5786,1790-10-11,Juliet Smith,August Wilhelm von Schlegel
7165,1791-07-29,Johann Adolf Schlegel,August Wilhelm von Schlegel
7432,1798-06-16,August Wilhelm von Schlegel,Gottlieb Hufeland
7433,no_date,August Wilhelm von Schlegel,Gottlieb Hufeland
7531,1790-05-21,Johann Georg Zimmermann,August Wilhelm von Schlegel
7831,no_date,August Wilhelm von Schlegel,"Karl August, Sachsen-Weimar-Eisenach, Großherzog"
7866,1790-04-22,Therese Huber,August Wilhelm von Schlegel
12020,1798-01-18,August Wilhelm von Schlegel,Georg Joachim Göschen
1,1791-01-06,August Wilhelm von Schlegel,Christian Gottlob Heyne
3,1798-05-26,August Wilhelm von Schlegel,Georg Joachim Göschen
14967,no_date,Abraham Voß,Adélaïde de Staël-Holstein
4245,1792-07-13,Henriette Ernst,August Wilhelm von Schlegel
4246,1792-07-21,Henriette Ernst,August Wilhelm von Schlegel
4269,1792-07-14,Johann Joachim Eschenburg,August Wilhelm von Schlegel
2171,1792-07-05,Friedrich von Schlegel,August Wilhelm von Schlegel
3835,1792-09-09,Johann Carl Fürchtegott Schlegel,August Wilhelm von Schlegel
500,1792-09-28,Gottfried August Bürger,August Wilhelm von Schlegel
4247,1792-09-11,Henriette Ernst,August Wilhelm von Schlegel
4057,no_date,Caspar Anton von Mastiaux,August Wilhelm von Schlegel
2172,no_date,Friedrich von Schlegel,August Wilhelm von Schlegel
499,1792-07-30,Gottfried August Bürger,August Wilhelm von Schlegel
